0.0,3.2991418844840216e-5,-0.0001896988126794636,0.000255681650369144
1.0e-5,0.00013214731006071736,-9.02991392457542e-5,0.0003545937593671889
2.0e-5,0.0002313032012765945,9.100418323955612e-6,0.00045350598422923337
3.0000000000000004e-5,0.00033045909249247165,0.00010849985964808006,0.0005524183253368632
4.0e-5,0.00042961498370834876,0.00020789918434353932,0.0006513307830731582
5.0e-5,0.0005287708749242259,0.0003072983920257529,0.0007502433578226988
6.000000000000001e-5,0.0006279267661401031,0.000406697482308634,0.0008491560499715722
7.000000000000001e-5,0.0007270826573559802,0.0005060964548045825,0.0009480688599073779
8.0e-5,0.0008262385485718573,0.0006054953091244794,0.0010469817880192351
9.0e-5,0.0009253944397877344,0.0007048940448776805,0.0011458948346977883
0.0001,0.0010245503310036114,0.0008042926616720091,0.0012448080003352137
0.00011,0.0011237062222194886,0.0009036911591137516,0.0013437212853252257
0.00012000000000000002,0.0012228621134353658,0.0010030895368076487,0.001442634690063083
0.00013000000000000002,0.001322018004651243,0.0011024877943568907,0.0015415482149455954
0.00014000000000000001,0.00142117389586712,0.0012018859313631107,0.0016404618603711293
0.00015000000000000001,0.0015203297870829973,0.0013012839474263785,0.001739375626739616
0.00016,0.0016194856782988743,0.0014006818421451934,0.001838289514452555
0.00017,0.0017186415695147515,0.001500079615116478,0.001937203523913025
0.00018,0.0018177974607306285,0.001599477265935572,0.002036117655525685
0.00019,0.0019169533519465057,0.0016988747941962257,0.0021350319096967857
0.0002,0.002016109243162383,0.001798272199490593,0.002233946286834173
0.00021,0.00211526513437826,0.0018976694814092248,0.0023328607873472954
0.00022,0.0022144210255941373,0.0019970666395410634,0.0024317754116472113
0.00023,0.0023135769168100145,0.002096463673473435,0.0025306901601465943
0.00024000000000000003,0.0024127328080258918,0.0021958605827920425,0.002629605033259741
0.00025,0.0025118886992417685,0.0022952573670809604,0.0027285200314025766
0.00026000000000000003,0.002611044590457646,0.002394654025922629,0.0028274351549926633
0.00027,0.002710200481673523,0.0024940505588978415,0.0029263504044492045
0.00028000000000000003,0.0028093563728894,0.0025934469655857465,0.003025265780193054
0.00029,0.002908512264105277,0.002692843245563834,0.00312418128264672
0.00030000000000000003,0.0030076681553211546,0.002792239398407933,0.003223096912234376
0.00031,0.0031068240465370314,0.0028916354236922007,0.003322012669381862
0.00032,0.0032059799377529086,0.0029910313209891197,0.0034209285545166975
0.00033000000000000005,0.0033051358289687863,0.0030904270898694896,0.003519844568068083
0.00034,0.003404291720184663,0.003189822729902418,0.003618760710466908
0.00035000000000000005,0.0035034476114005403,0.0032892182406553177,0.0037176769821457628
0.00036,0.003602603502616417,0.003388613621693896,0.003816593383538938
0.00037000000000000005,0.0037017593938322947,0.003488008872582152,0.003915509915082437
0.00038,0.0038009152850481715,0.0035874039928823634,0.0040144265772139795
0.00039000000000000005,0.0039000711762640487,0.0036867989821550867,0.004113343370373011
0.0004,0.0039992270674799255,0.0037861938399591445,0.004212260295000707
0.00041000000000000005,0.0040983829586958035,0.003885588565851623,0.004311177351539984
0.00042,0.00419753884991168,0.00398498315938786,0.0044100945404355
0.00043000000000000004,0.004296694741127557,0.004084377620121442,0.004509011862133672
0.00044,0.004395850632343434,0.0041837719476041976,0.004607929317082671
0.00045000000000000004,0.0044950065235593115,0.004283166141386185,0.0047068469057324385
0.00046,0.004594162414775189,0.00438256020101569,0.0048057646285346875
0.00047000000000000004,0.004693318305991066,0.004481954126039219,0.004904682485942913
0.00048000000000000007,0.004792474197206943,0.004581347916001486,0.0050036004784124
0.0004900000000000001,0.00489163008842282,0.0046807415704454135,0.005102518606400227
0.0005,0.004990785979638697,0.0047801350889121194,0.005201436870365274
0.00051,0.005089941870854574,0.004879528470940912,0.005300355270768236
0.0005200000000000001,0.005189097762070452,0.004978921716069285,0.005399273808071619
0.0005300000000000001,0.005288253653286329,0.0050783148238329025,0.005498192482739756
0.00054,0.005387409544502206,0.0051777077937655985,0.005597111295238813
0.00055,0.005486565435718083,0.005277100625399373,0.005696030246036793
0.0005600000000000001,0.00558572132693396,0.005376493318264373,0.005794949335603547
0.0005700000000000001,0.005684877218149837,0.005475885871888896,0.0058938685644107786
0.00058,0.005784033109365714,0.005575278285799375,0.005992787932932052
0.00059,0.005883189000581592,0.005674670559520381,0.006091707441642802
0.0006000000000000001,0.005982344891797469,0.0057740626925746,0.006190627091020338
0.0006100000000000001,0.006081500783013346,0.005873454684482843,0.006289546881543849
0.00062,0.0061806566742292224,0.005972846534764023,0.0063884668136944215
0.00063,0.0062798125654451,0.006072238242935162,0.006487386887955037
0.00064,0.006378968456660977,0.006171629808511371,0.0065863071048105825
0.0006500000000000001,0.006478124347876855,0.0062710212310058515,0.0066852274647478584
0.0006600000000000001,0.006577280239092732,0.0063704125099298785,0.006784147968255586
0.00067,0.0066764361303086085,0.006469803644792804,0.006883068615824413
0.00068,0.006775592021524486,0.006569194635102043,0.006981989407946928
0.0006900000000000001,0.006874747912740363,0.006668585480363067,0.0070809103451176586
0.0007000000000000001,0.00697390380395624,0.006767976180079395,0.007179831427833085
0.00071,0.0070730596951721165,0.006867366733752587,0.007278752656591646
0.00072,0.007172215586387994,0.006966757140882239,0.007377674031893749
0.0007300000000000001,0.007271371477603872,0.007066147400965971,0.007476595554241772
0.0007400000000000001,0.007370527368819749,0.007165537513499422,0.007575517224140076
0.00075,0.007469683260035625,0.007264927477976239,0.007674439042095011
0.00076,0.007568839151251503,0.0073643172938880775,0.007773361008614928
0.0007700000000000001,0.00766799504246738,0.007463706960724582,0.007872283124210178
0.0007800000000000001,0.007767150933683257,0.0075630964779733875,0.007971205389393127
0.00079,0.007866306824899133,0.007662485845120106,0.00807012780467816
0.0008,0.00796546271611501,0.007761875061648325,0.008169050370581696
0.0008100000000000001,0.008064618607330888,0.007861264127039592,0.008267973087622183
0.0008200000000000001,0.008163774498546767,0.007960653040773416,0.008366895956320118
0.0008300000000000001,0.008262930389762644,0.008060041802327243,0.008465818977198045
0.00084,0.00836208628097852,0.008159430411176468,0.00856474215078057
0.0008500000000000001,0.008461242172194397,0.008258818866794422,0.008663665477594371
0.0008600000000000001,0.008560398063410274,0.008358207168652352,0.008762588958168196
0.0008700000000000001,0.008659553954626151,0.008457595316219424,0.008861512593032878
0.00088,0.008758709845842028,0.008556983308962712,0.008960436382721345
0.0008900000000000001,0.008857865737057906,0.008656371146347194,0.009059360327768617
0.0009000000000000001,0.008957021628273783,0.008755758827835738,0.009158284428711827
0.0009100000000000001,0.00905617751948966,0.008855146352889094,0.009257208686090226
0.00092,0.009155333410705537,0.008954533720965895,0.009356133100445179
0.00093,0.009254489301921414,0.009053920931522639,0.00945505767232019
0.0009400000000000001,0.009353645193137292,0.00915330798401368,0.009553982402260902
0.0009500000000000001,0.009452801084353169,0.009252694877891234,0.009652907290815103
0.0009600000000000001,0.009551956975569046,0.009352081612605354,0.009751832338532739
0.00097,0.009651112866784923,0.00945146818760393,0.009850757545965916
0.0009800000000000002,0.0097502687580008,0.009550854602332685,0.009949682913668916
0.00099,0.009849424649216676,0.009650240856235153,0.010048608442198199
0.001,0.009948580540432553,0.009749626948752692,0.010147534132112414
0.00101,0.01004773643164843,0.009849012879324454,0.010246459983972406
0.00102,0.010146892322864308,0.009948398647387391,0.010345385998341224
0.00103,0.010246048214080187,0.010047784252376242,0.010444312175784131
0.0010400000000000001,0.010345204105296064,0.01014716969372352,0.010543238516868607
0.0010500000000000002,0.010444359996511941,0.010246554970859518,0.010642165022164364
0.0010600000000000002,0.010543515887727818,0.010345940083212284,0.010741091692243352
0.00107,0.010642671778943694,0.010445325030207623,0.010840018527679764
0.00108,0.01074182767015957,0.01054470981126909,0.010938945529050052
0.00109,0.010840983561375448,0.010644094425817974,0.011037872696932922
0.0011,0.010940139452591325,0.010743478873273293,0.011136800031909358
0.00111,0.011039295343807203,0.010842863153051791,0.011235727534562614
0.0011200000000000001,0.01113845123502308,0.01094224726456792,0.01133465520547824
0.0011300000000000001,0.011237607126238957,0.011041631207233839,0.011433583045244075
0.0011400000000000002,0.011336763017454834,0.011141014980459404,0.011532511054450264
0.0011500000000000002,0.011435918908670711,0.01124039858365216,0.011631439233689263
0.00116,0.011535074799886587,0.011339782016217326,0.011730367583555848
0.00117,0.011634230691102464,0.011439165277557804,0.011829296104647124
0.00118,0.011733386582318343,0.011538548367074151,0.011928224797562535
0.00119,0.01183254247353422,0.011637931284164576,0.012027153662903864
0.0012000000000000001,0.011931698364750097,0.01173731402822494,0.012126082701275255
0.0012100000000000001,0.012030854255965975,0.011836696598648744,0.012225011913283205
0.0012200000000000002,0.012130010147181852,0.01193607899482711,0.012323941299536593
0.0012300000000000002,0.012229166038397729,0.012035461216148792,0.012422870860646666
0.00124,0.012328321929613605,0.012134843262000145,0.012521800597227064
0.00125,0.012427477820829482,0.01223422513176514,0.012620730509893823
0.00126,0.012526633712045359,0.012333606824825339,0.01271966059926538
0.00127,0.012625789603261236,0.012432988340559887,0.012818590865962586
0.00128,0.012724945494477113,0.012532369678345515,0.012917521310608712
0.0012900000000000001,0.01282410138569299,0.012631750837556521,0.01301645193382946
0.0013000000000000002,0.01292325727690887,0.012731131817564769,0.01311538273625297
0.0013100000000000002,0.013022413168124747,0.01283051261773967,0.013214313718509823
0.0013200000000000002,0.013121569059340624,0.01292989323744819,0.013313244881233059
0.00133,0.0132207249505565,0.013029273676054815,0.013412176225058184
0.00134,0.013319880841772377,0.013128653932921584,0.01351110775062317
0.00135,0.013419036732988254,0.013228034007408036,0.013610039458568472
0.00136,0.013518192624204131,0.013327413898871227,0.013708971349537035
0.0013700000000000001,0.013617348515420008,0.01342679360666572,0.013807903424174296
0.0013800000000000002,0.013716504406635886,0.013526173130143569,0.013906835683128203
0.0013900000000000002,0.013815660297851763,0.013625552468654312,0.014005768127049213
0.0014000000000000002,0.01391481618906764,0.01372493162154497,0.01410470075659031
0.00141,0.014013972080283515,0.013824310588160025,0.014203633572407006
0.00142,0.014113127971499393,0.013923689367841432,0.014302566575157353
0.00143,0.01421228386271527,0.014023067959928586,0.014401499765501953
0.00144,0.014311439753931147,0.014122446363758333,0.014500433144103961
0.0014500000000000001,0.014410595645147026,0.01422182457866495,0.014599366711629102
0.0014600000000000001,0.014509751536362903,0.014321202603980142,0.014698300468745665
0.0014700000000000002,0.01460890742757878,0.014420580439033034,0.014797234416124527
0.0014800000000000002,0.014708063318794658,0.014519958083150156,0.014896168554439159
0.0014900000000000002,0.014807219210010535,0.014619335535655446,0.014995102884365624
0.0015,0.01490637510122641,0.014718712795870227,0.015094037406582593
0.00151,0.015005530992442288,0.014818089863113216,0.01519297212177136
0.00152,0.015104686883658165,0.014917466736700498,0.015291907030615831
0.0015300000000000001,0.015203842774874042,0.015016843415945528,0.015390842133802556
0.0015400000000000001,0.01530299866608992,0.01511621990015912,0.01548977743202072
0.0015500000000000002,0.015402154557305796,0.015215596188649436,0.015588712925962157
0.0015600000000000002,0.015501310448521674,0.015314972280721985,0.01568764861632136
0.0015700000000000002,0.015600466339737553,0.01541434817567961,0.015786584503795494
0.00158,0.015699622230953426,0.015513723872822467,0.015885520589084386
0.00159,0.015798778122169305,0.015613099371448053,0.01598445687289056
0.0016,0.01589793401338518,0.015712474670851146,0.016083393355919216
0.00161,0.01599708990460106,0.015811849770323846,0.016182330038878274
0.0016200000000000001,0.016096245795816935,0.015911224669155528,0.016281266922478343
0.0016300000000000002,0.016195401687032814,0.016010599366632867,0.01638020400743276
0.0016400000000000002,0.016294557578248693,0.016109973862039797,0.01647914129445759
0.0016500000000000002,0.01639371346946457,0.016209348154657528,0.01657807878427161
0.0016600000000000002,0.016492869360680448,0.016308722243764527,0.016677016477596368
0.00167,0.016592025251896323,0.01640809612863651,0.016775954375156134
0.00168,0.0166911811431122,0.016507469808546435,0.016874892477677962
0.00169,0.016790337034328078,0.0166068432827645,0.016973830785891656
0.0017000000000000001,0.016889492925543953,0.016706216550558112,0.017072769300529794
0.0017100000000000001,0.016988648816759832,0.016805589611191912,0.01717170802232775
0.0017200000000000002,0.017087804707975707,0.016904962463927736,0.01727064695202368
0.0017300000000000002,0.017186960599191586,0.017004335108024637,0.017369586090358536
0.0017400000000000002,0.017286116490407462,0.01710370754273884,0.017468525438076084
0.00175,0.017385272381623337,0.01720307976732377,0.017567464995922905
0.00176,0.017484428272839216,0.017302451781030025,0.017666404764648407
0.00177,0.017583584164055092,0.017401823583105366,0.017765344745004817
0.0017800000000000001,0.01768274005527097,0.01750119517279472,0.01786428493774722
0.0017900000000000001,0.01778189594648685,0.01760056654934016,0.017963225343633538
0.0018000000000000002,0.017881051837702725,0.017699937711980904,0.018062165963424547
0.0018100000000000002,0.017980207728918604,0.017799308659953307,0.0181611067978839
0.0018200000000000002,0.01807936362013448,0.017898679392490853,0.018260047847778106
0.0018300000000000002,0.01817851951135036,0.017998049908824146,0.01835898911387657
0.00184,0.018277675402566234,0.018097420208180892,0.018457930596951576
0.00185,0.01837683129378211,0.018196790289785915,0.018556872297778304
0.00186,0.01847598718499799,0.018296160152861132,0.018655814217134845
0.0018700000000000001,0.018575143076213864,0.018395529796625537,0.01875475635580219
0.0018800000000000002,0.018674298967429743,0.018494899220295218,0.018853698714564267
0.0018900000000000002,0.01877345485864562,0.018594268423083322,0.018952641294207914
0.0019000000000000002,0.018872610749861497,0.018693637404200075,0.01905158409552292
0.0019100000000000002,0.018971766641077376,0.01879300616285275,0.019150527119302003
0.0019200000000000003,0.01907092253229325,0.018892374698245666,0.019249470366340837
0.00193,0.019170078423509127,0.018991743009580196,0.019348413837438058
0.00194,0.019269234314725006,0.019091111096054745,0.019447357533395267
0.0019500000000000001,0.01936839020594088,0.019190478956864727,0.019546301455017037
0.0019600000000000004,0.01946754609715676,0.019289846591202597,0.019645245603110924
0.00197,0.019566701988372636,0.019389213998257805,0.019744189978487467
0.00198,0.01966585787958851,0.019488581177216815,0.019843134581960208
0.00199,0.01976501377080439,0.019587948127263086,0.019942079414345695
0.002,0.019864169662020266,0.019687314847577058,0.020041024476463474
0.00201,0.019963325553236145,0.019786681337336163,0.020139969769136127
0.00202,0.02006248144445202,0.019886047595714797,0.020238915293189243
0.00203,0.0201616373356679,0.019985413621884336,0.020337861049451463
0.00204,0.020260793226883775,0.020084779415013097,0.020436807038754452
0.00205,0.020359949118099654,0.020184144974266374,0.020535753261932934
0.00206,0.020459105009315533,0.02028351029880638,0.020634699719824685
0.0020700000000000002,0.020558260900531408,0.020382875387792286,0.02073364641327053
0.0020800000000000003,0.020657416791747287,0.020482240240380194,0.02083259334311438
0.0020900000000000003,0.020756572682963163,0.02058160485572311,0.020931540510203215
0.0021000000000000003,0.02085572857417904,0.020680969232970987,0.021030487915387096
0.0021100000000000003,0.020954884465394917,0.02078033337127066,0.021129435559519173
0.0021200000000000004,0.021054040356610796,0.020879697269765896,0.021228383443455696
0.0021300000000000004,0.02115319624782667,0.020979060927597333,0.02132733156805601
0.00214,0.021252352139042547,0.021078424343902516,0.021426279934182578
0.00215,0.021351508030258422,0.02117778751781587,0.021525228542700975
0.00216,0.0214506639214743,0.021277150448468698,0.021624177394479905
0.00217,0.021549819812690177,0.02137651313498917,0.021723126490391185
0.00218,0.021648975703906056,0.021475875576502323,0.021822075831309788
0.00219,0.02174813159512193,0.021575237772130048,0.021921025418113815
0.0022,0.02184728748633781,0.0216745997209911,0.02201997525168452
0.00221,0.02194644337755369,0.021773961422201064,0.022118925332906315
0.00222,0.022045599268769565,0.021873322874872366,0.022217875662666763
0.00223,0.022144755159985444,0.02197268407811428,0.022316826241856606
0.0022400000000000002,0.02224391105120132,0.022072045031032893,0.022415777071369745
0.0022500000000000003,0.022343066942417198,0.02217140573273112,0.022514728152103276
0.0022600000000000003,0.022442222833633074,0.022270766182308683,0.022613679484957464
0.0022700000000000003,0.022541378724848952,0.022370126378862126,0.02271263107083578
0.0022800000000000003,0.022640534616064828,0.02246948632148478,0.022811582910644876
0.0022900000000000004,0.022739690507280707,0.022568846009266792,0.02291053500529462
0.0023000000000000004,0.022838846398496582,0.022668205441295088,0.023009487355698077
0.00231,0.022938002289712458,0.02276756461665339,0.023108439962771527
0.00232,0.023037158180928333,0.02286692353442219,0.023207392827434475
0.00233,0.023136314072144212,0.02296628219367878,0.023306345950609646
0.00234,0.023235469963360088,0.02306564059349719,0.023405299333222985
0.00235,0.023334625854575967,0.023164998732948243,0.02350425297620369
0.00236,0.023433781745791846,0.02326435661109951,0.02360320688048418
0.00237,0.02353293763700772,0.023363714227015314,0.02370216104700013
0.00238,0.0236320935282236,0.023463071579756745,0.023801115476690456
0.00239,0.023731249419439476,0.023562428668381617,0.023900070170497334
0.0024000000000000002,0.023830405310655355,0.023661785491944507,0.023999025129366202
0.0024100000000000002,0.02392956120187123,0.023761142049496715,0.024097980354245745
0.0024200000000000003,0.02402871709308711,0.02386049834008628,0.02419693584608794
0.0024300000000000003,0.024127872984302984,0.023959854362757962,0.024295891605848007
0.0024400000000000003,0.024227028875518863,0.02405921011655325,0.024394847634484476
0.0024500000000000004,0.024326184766734742,0.024158565600510353,0.02449380393295913
0.0024600000000000004,0.024425340657950618,0.024257920813664187,0.02459276050223705
0.0024700000000000004,0.024524496549166497,0.02435727575504639,0.024691717343286602
0.00248,0.02462365244038237,0.0244566304236853,0.02479067445707944
0.00249,0.024722808331598244,0.02455598481860596,0.02488963184459053
0.0025,0.024821964222814123,0.02465533893883012,0.024988589506798126
0.00251,0.024921120114030002,0.024754692783376216,0.025087547444683788
0.00252,0.025020276005245878,0.024854046351259377,0.02518650565923238
0.00253,0.025119431896461757,0.02495339964149143,0.025285464151432083
0.00254,0.025218587787677632,0.02505275265308088,0.025384422922274386
0.00255,0.02531774367889351,0.02515210538503292,0.025483381972754102
0.00256,0.025416899570109387,0.025251457836349418,0.025582341303869355
0.0025700000000000002,0.025516055461325265,0.02535081000602893,0.025681300916621602
0.0025800000000000003,0.02561521135254114,0.02545016189306667,0.02578026081201561
0.0025900000000000003,0.02571436724375702,0.025549513496454544,0.025879220991059496
0.0026000000000000003,0.0258135231349729,0.02564886481518111,0.025978181454764687
0.0026100000000000003,0.025912679026188774,0.0257482158482316,0.026077142204145948
0.0026200000000000004,0.026011834917404653,0.025847566594587916,0.02617610324022139
0.0026300000000000004,0.02611099080862053,0.025946917053228612,0.026275064564012445
0.0026400000000000004,0.026210146699836408,0.026046267223128913,0.026374026176543903
0.00265,0.02630930259105228,0.02614561710326069,0.02647298807884387
0.00266,0.02640845848226816,0.0262449666925925,0.02657195027194382
0.00267,0.026507614373484034,0.026344315990089517,0.02667091275687855
0.00268,0.026606770264699913,0.026443664994713602,0.026769875534686224
0.00269,0.02670592615591579,0.02654301370542325,0.02686883860640833
0.0027,0.026805082047131668,0.026642362121173616,0.02696780197308972
0.00271,0.026904237938347543,0.0267417102409165,0.027066765635778586
0.00272,0.027003393829563422,0.026841058063600372,0.02716572959552647
0.0027300000000000002,0.027102549720779297,0.026940405588170322,0.027264693853388273
0.0027400000000000002,0.027201705611995176,0.027039752813568116,0.027363658410422237
0.0027500000000000003,0.027300861503211055,0.027139099738732155,0.027462623267689956
0.0027600000000000003,0.02740001739442693,0.02723844636259749,0.027561588426256372
0.0027700000000000003,0.02749917328564281,0.027337792684095825,0.027660553887189795
0.0027800000000000004,0.027598329176858685,0.02743713870215551,0.02775951965156186
0.0027900000000000004,0.027697485068074564,0.027536484415701553,0.027858485720447575
0.0028000000000000004,0.02779664095929044,0.027635829823655596,0.027957452094925284
0.0028100000000000004,0.02789579685050632,0.02773517492493595,0.02805641877607669
0.00282,0.02799495274172219,0.027834519718457552,0.02815538576498683
0.00283,0.02809410863293807,0.027933864203132035,0.028254353062744104
0.00284,0.028193264524153945,0.028033208377867637,0.028353320670440253
0.00285,0.028292420415369824,0.028132552241569287,0.02845228858917036
0.00286,0.0283915763065857,0.028231895793138548,0.02855125682003285
0.00287,0.02849073219780158,0.028331239031473658,0.0286502253641295
0.00288,0.028589888089017454,0.028430581955469506,0.028749194222565402
0.00289,0.028689043980233333,0.028529924564017647,0.02884816339644902
0.0029000000000000002,0.028788199871449212,0.028629266856006298,0.028947132886892126
0.0029100000000000003,0.028887355762665087,0.028728608830320343,0.02904610269500983
0.0029200000000000003,0.028986511653880966,0.02882795048584135,0.02914507282192058
0.0029300000000000003,0.029085667545096842,0.028927291821447536,0.029244043268746148
0.0029400000000000003,0.02918482343631272,0.02902663283601382,0.02934301403661162
0.0029500000000000004,0.029283979327528596,0.029125973528411776,0.029441985126645417
0.0029600000000000004,0.029383135218744475,0.029225313897509684,0.029540956539979266
0.0029700000000000004,0.02948229110996035,0.02932465394217249,0.029639928277748213
0.0029800000000000004,0.02958144700117623,0.02942399366126185,0.02973890034109061
0.00299,0.0296806028923921,0.02952333305363609,0.029837872731148112
0.003,0.02977975878360798,0.029622672118150273,0.029936845449065688
0.00301,0.029878914674823856,0.029722010853656132,0.03003581849599158
0.00302,0.029978070566039735,0.029821349259002122,0.030134791873077348
0.00303,0.03007722645725561,0.029920687333033404,0.030233765581477817
0.00304,0.03017638234847149,0.030020025074591877,0.030332739622351102
0.00305,0.03027553823968737,0.030119362482516142,0.030431713996858595
0.0030600000000000002,0.030374694130903244,0.030218699555641538,0.03053068870616495
0.0030700000000000002,0.030473850022119123,0.030318036292800152,0.030629663751438094
0.0030800000000000003,0.030573005913334998,0.03041737269282079,0.030728639133849208
0.0030900000000000003,0.030672161804550877,0.030516708754529026,0.030827614854572728
0.0031000000000000003,0.030771317695766753,0.030616044476747182,0.030926590914786323
0.0031100000000000004,0.03087047358698263,0.03071537985829435,0.031025567315670913
0.0031200000000000004,0.030969629478198507,0.03081471489798637,0.031124544058410645
0.0031300000000000004,0.031068785369414386,0.030914049594635885,0.031223521144192887
0.0031400000000000004,0.031167941260630265,0.031013383947052303,0.03132249857420823
0.0031500000000000005,0.03126709715184614,0.031112717954041833,0.031421476349650444
0.00316,0.03136625304306201,0.031212051614407477,0.03152045447171654
0.00317,0.031465408934277884,0.031311384926949064,0.031619432941606705
0.00318,0.03156456482549377,0.03141071789046323,0.031718411760524305
0.00319,0.03166372071670964,0.03151005050374342,0.031817390929675865
0.0032,0.03176287660792552,0.03160938276557993,0.031916370450271105
0.00321,0.0318620324991414,0.03170871467475992,0.03201535032352288
0.00322,0.031961188390357276,0.03180804623006736,0.03211433055064719
0.0032300000000000002,0.03206034428157315,0.03190737743028312,0.03221331113286318
0.0032400000000000003,0.03215950017278903,0.03200670827418494,0.03231229207139311
0.0032500000000000003,0.03225865606400491,0.032106038760547434,0.032411273367462384
0.0032600000000000003,0.032357811955220785,0.032205368888142114,0.032510255022299456
0.0032700000000000003,0.03245696784643666,0.03230469865573741,0.03260923703713591
0.0032800000000000004,0.03255612373765254,0.03240402806209866,0.032708219413206424
0.0032900000000000004,0.03265527962886842,0.03250335710598814,0.0328072021517487
0.0033000000000000004,0.032754435520084293,0.032602685786165056,0.03290618525400353
0.0033100000000000004,0.03285359141130017,0.03270201410138559,0.03300516872121475
0.0033200000000000005,0.03295274730251605,0.03280134205040287,0.033104152554629236
0.00333,0.03305190319373192,0.032900669631967,0.03320313675549684
0.00334,0.0331510590849478,0.032999996844825116,0.03330212132507049
0.00335,0.03325021497616368,0.03309932368772132,0.03340110626460604
0.00336,0.03334937086737955,0.03319865015939674,0.033500091575362365
0.00337,0.03344852675859543,0.03329797625858956,0.0335990772586013
0.00338,0.03354768264981131,0.033397301984035004,0.03369806331558762
0.0033900000000000002,0.03364683854102719,0.03349662733446534,0.033797049747589035
0.0034000000000000002,0.03374599443224306,0.03359595230860993,0.0338960365558762
0.0034100000000000003,0.03384515032345894,0.033695276905195234,0.03399502374172264
0.0034200000000000003,0.03394430621467482,0.03379460112294483,0.03409401130640481
0.0034300000000000003,0.034043462105890696,0.033893924960579386,0.034192999251202005
0.0034400000000000003,0.03414261799710657,0.033993248416816745,0.0342919875773964
0.0034500000000000004,0.03424177388832245,0.034092571490371905,0.034390976286273
0.0034600000000000004,0.03434092977953833,0.034191894179957015,0.03448996537911964
0.0034700000000000004,0.034440085670754204,0.03429121648428144,0.03458895485722697
0.0034800000000000005,0.03453924156197008,0.03439053840205176,0.0346879447218884
0.0034900000000000005,0.03463839745318596,0.03448985993197176,0.03478693497440016
0.0035,0.03473755334440183,0.034589181072742475,0.034885925616061186
0.00351,0.03483670923561771,0.03468850182306225,0.03498491664817318
0.00352,0.03493586512683359,0.03478782218162664,0.03508390807204054
0.00353,0.035035021018049464,0.034887142147128555,0.03518289988897037
0.00354,0.03513417690926534,0.03498646171825822,0.03528189210027246
0.00355,0.03523333280048122,0.035085780893703206,0.03538088470725924
0.0035600000000000002,0.0353324886916971,0.035185099672148425,0.03547987771124577
0.0035700000000000003,0.03543164458291297,0.035284418052276195,0.03557887111354975
0.0035800000000000003,0.035530800474128856,0.03538373603276624,0.03567786491549147
0.0035900000000000003,0.03562995636534473,0.035483053612295694,0.03577685911839377
0.0036000000000000003,0.035729112256560606,0.03558237078953916,0.035875853723582055
0.0036100000000000004,0.03582826814777648,0.035681687563168696,0.03597484873238427
0.0036200000000000004,0.035927424038992364,0.03578100393185388,0.03607384414613085
0.0036300000000000004,0.03602657993020824,0.03588031989426177,0.03617283996615471
0.0036400000000000004,0.036125735821424115,0.03597963544905699,0.03627183619379124
0.0036500000000000005,0.03622489171263999,0.03607895059490172,0.036370832830378265
0.0036600000000000005,0.03632404760385587,0.03617826533045574,0.036469829877256006
0.00367,0.03642320349507174,0.03627757965437642,0.036568827335767065
0.00368,0.036522359386287624,0.03637689356531879,0.036667825207256456
0.00369,0.0366215152775035,0.03647620706193552,0.03676682349307148
0.0037,0.036720671168719375,0.036575520142877,0.03686582219456175
0.00371,0.03681982705993525,0.03667483280679131,0.03696482131307919
0.00372,0.03691898295115113,0.03677414505232428,0.03706382084997799
0.0037300000000000002,0.03701813884236701,0.03687345687811949,0.037162820806614524
0.0037400000000000003,0.037117294733582884,0.03697276828281835,0.03726182118434742
0.0037500000000000003,0.037216450624798766,0.03707207926506007,0.03736082198453746
0.0037600000000000003,0.03731560651601464,0.03717138982348171,0.03745982320854757
0.0037700000000000003,0.03741476240723052,0.03727069995671822,0.03755882485774281
0.0037800000000000004,0.03751391829844639,0.037370009663402454,0.03765782693349033
0.0037900000000000004,0.037613074189662275,0.0374693189421652,0.03775682943715935
0.0038000000000000004,0.03771223008087815,0.03756862779163521,0.03785583237012109
0.0038100000000000005,0.037811385972094026,0.03766793621043925,0.037954835733748804
0.0038200000000000005,0.03791054186330991,0.0377672441972021,0.03805383952941772
0.0038300000000000005,0.038009697754525784,0.037866551750546595,0.03815284375850497
0.0038400000000000005,0.03810885364574166,0.03796585886909368,0.03825184842238964
0.00385,0.038208009536957535,0.038065165551462395,0.038350853522452676
0.00386,0.03830716542817341,0.03816447179626996,0.03844985906007686
0.00387,0.038406321319389286,0.03826377760213177,0.038548865036646805
0.00388,0.03850547721060517,0.03836308296766144,0.0386478714535489
0.0038900000000000002,0.038604633101821044,0.03846238789147083,0.03874687831217126
0.0039000000000000003,0.03870378899303692,0.0385616923721701,0.03884588561390374
0.00391,0.038802944884252795,0.03866099640836774,0.03894489336013785
0.003920000000000001,0.03890210077546868,0.03876029999867057,0.03904390155226679
0.00393,0.03900125666668455,0.03885960314168382,0.03914291019168529
0.00394,0.03910041255790043,0.03895890583601113,0.039241919279789726
0.00395,0.039199568449116304,0.03905820808025463,0.039340928817977974
0.00396,0.03929872434033218,0.03915750987301494,0.03943993880764942
0.0039700000000000004,0.03939788023154806,0.0392568112128912,0.03953894925020492
0.00398,0.03949703612276394,0.03935611209848113,0.03963796014704674
0.0039900000000000005,0.03959619201397982,0.03945541252838109,0.03973697149957855
0.004,0.03969534790519569,0.03955471250118604,0.03983598330920533
0.0040100000000000005,0.03979450379641157,0.03965401201548968,0.03993499557733346
0.00402,0.039893659687627446,0.0397533110698844,0.04003400830537049
0.004030000000000001,0.03999281557884333,0.039852609662961384,0.04013302149472527
0.00404,0.0400919714700592,0.03995190779331059,0.0402320351468078
0.004050000000000001,0.04019112736127508,0.04005120545952087,0.04033104926302929
0.00406,0.040290283252490955,0.04015050266017992,0.04043006384480199
0.004070000000000001,0.04038943914370684,0.04024979939387441,0.040529078893539267
0.00408,0.040488595034922706,0.04034909565918992,0.04062809441065549
0.004090000000000001,0.04058775092613859,0.04044839145471112,0.04072711039756605
0.0041,0.040686906817354464,0.04054768677902169,0.04082612685568724
0.00411,0.04078606270857034,0.040646981630704404,0.040925143786436274
0.00412,0.04088521859978622,0.04074627600834122,0.04102416119123122
0.00413,0.04098437449100209,0.04084556991051323,0.04112317907149095
0.0041400000000000005,0.04108353038221797,0.04094486333580082,0.04122219742863512
0.00415,0.04118268627343385,0.04104415628278361,0.04132121626408409
0.0041600000000000005,0.04128184216464973,0.04114344875004056,0.041420235579258904
0.00417,0.0413809980558656,0.04124274073614997,0.04151925537558123
0.0041800000000000006,0.04148015394708148,0.0413420322396896,0.04161827565447336
0.00419,0.04157930983829736,0.04144132325923665,0.041717296417358066
0.004200000000000001,0.04167846572951324,0.04154061379336783,0.04181631766565865
0.00421,0.04177762162072911,0.04163990384065939,0.04191533940079883
0.004220000000000001,0.04187677751194499,0.04173919339968722,0.04201436162420276
0.00423,0.041975933403160866,0.04183848246902684,0.04211338433729489
0.004240000000000001,0.04207508929437675,0.04193777104725348,0.04221240754150002
0.00425,0.04217424518559262,0.0420370591329421,0.04231143123824313
0.004260000000000001,0.0422734010768085,0.04213634672466751,0.04241045542894949
0.00427,0.042372556968024375,0.04223563382100433,0.04250948011504442
0.00428,0.04247171285924025,0.04233492042052709,0.04260850529795341
0.00429,0.04257086875045613,0.0424342065218103,0.04270753097910197
0.0043,0.042670024641672,0.04253349212342843,0.04280655715991557
0.0043100000000000005,0.042769180532887884,0.042632777223956066,0.0429055838418197
0.00432,0.04286833642410376,0.04273206182196786,0.04300461102623966
0.0043300000000000005,0.04296749231531964,0.04283134591603865,0.043103638714600635
0.00434,0.04306664820653551,0.04293062950474346,0.04320266690832756
0.004350000000000001,0.04316580409775139,0.04302991258665765,0.043301695608845135
0.00436,0.04326495998896727,0.04312919516035684,0.043400724817577695
0.004370000000000001,0.04336411588018315,0.04322847722441706,0.04349975453594924
0.00438,0.04346327177139902,0.04332775877741477,0.043598784765383265
0.004390000000000001,0.0435624276626149,0.04342703981792695,0.04369781550730285
0.0044,0.04366158355383078,0.043526320344531064,0.04379684676313049
0.004410000000000001,0.04376073944504666,0.04362560035580525,0.04389587853428807
0.00442,0.043859895336262535,0.04372487985032825,0.04399491082219682
0.004430000000000001,0.04395905122747841,0.04382415882667956,0.04409394362827726
0.00444,0.044058207118694286,0.043923437283439455,0.044192976953949116
0.00445,0.04415736300991016,0.04402271521918902,0.044292010800631304
0.00446,0.044256518901126043,0.04412199263251026,0.04439104516974183
0.00447,0.04435567479234191,0.04422126952198609,0.04449008006269774
0.0044800000000000005,0.044454830683557794,0.044320545886200505,0.044589115480915084
0.00449,0.04455398657477367,0.044419821723738505,0.044688151425808835
0.0045000000000000005,0.04465314246598955,0.04451909703318627,0.04478718789879284
0.00451,0.04475229835720542,0.04461837181313113,0.04488622490127971
0.004520000000000001,0.0448514542484213,0.04471764606216171,0.044985262434680894
0.00453,0.04495061013963718,0.04481691977886794,0.04508430050040642
0.004540000000000001,0.04504976603085306,0.044916192961841114,0.04518333909986501
0.00455,0.04514892192206894,0.04501546560967397,0.045282378234463905
0.004560000000000001,0.04524807781328481,0.04511473772096075,0.04538141790560887
0.00457,0.04534723370450069,0.045214009294297274,0.0454804581147041
0.004580000000000001,0.04544638959571657,0.04531328032828098,0.04557949886315216
0.00459,0.045545545486932446,0.045412550821511,0.04567854015235389
0.004600000000000001,0.04564470137814832,0.04551182077258823,0.04577758198370841
0.00461,0.045743857269364196,0.045611090180115374,0.04587662435861302
0.00462,0.04584301316058007,0.045710359042697046,0.0459756672784631
0.0046300000000000004,0.045942169051795954,0.04580962735893979,0.046074710744652116
0.00464,0.04604132494301182,0.04590889512745218,0.04617375475857147
0.0046500000000000005,0.046140480834227705,0.046008162346844884,0.046272799321610526
0.00466,0.04623963672544358,0.04610742901573069,0.04637184443515647
0.0046700000000000005,0.04633879261665946,0.04620669513272465,0.04647089010059428
0.00468,0.04643794850787533,0.04630596069644404,0.04656993631930662
0.004690000000000001,0.046537104399091214,0.046405225705508556,0.04666898309267387
0.0047,0.04663626029030709,0.04650449015854026,0.04676803042207392
0.004710000000000001,0.04673541618152297,0.04660375405416374,0.046867078308882204
0.00472,0.04683457207273885,0.04670301739100611,0.046966126754471586
0.004730000000000001,0.04693372796395472,0.04680228016769713,0.04706517576021232
0.00474,0.0470328838551706,0.046901542382869255,0.04716422532747194
0.004750000000000001,0.04713203974638648,0.047000804035157696,0.047263275457615266
0.00476,0.047231195637602356,0.04710006512320049,0.047362326152004225
0.004770000000000001,0.04733035152881824,0.047199325645638605,0.04746137741199787
0.00478,0.04742950742003411,0.04729858560111594,0.047560429238952276
0.00479,0.04752866331124998,0.047397844988279494,0.04765948163422047
0.0048000000000000004,0.047627819202465865,0.04749710380577935,0.04775853459915238
0.00481,0.047726975093681734,0.04759636205226876,0.047857588135094706
0.0048200000000000005,0.047826130984897616,0.04769561972640428,0.047956642243390954
0.00483,0.04792528687611349,0.04779487682684576,0.048055696925381225
0.0048400000000000006,0.048024442767329374,0.04789413335225646,0.04815475218240229
0.00485,0.04812359865854525,0.04799338930130312,0.04825380801578738
0.004860000000000001,0.048222754549761125,0.048092644672656025,0.048352864426866225
0.00487,0.048321910440977,0.04819189946498907,0.04845192141696493
0.004880000000000001,0.04842106633219288,0.04829115367697987,0.048550978987405895
0.00489,0.04852022222340876,0.04839040730730977,0.048650037139507746
0.004900000000000001,0.04861937811462464,0.048489660354663976,0.048749095874585306
0.00491,0.04871853400584051,0.04858891281773158,0.04884815519394944
0.004920000000000001,0.04881768989705639,0.048688164695205705,0.04894721509890708
0.00493,0.04891684578827227,0.04878741598578349,0.049046275590761045
0.004940000000000001,0.04901600167948815,0.04888666668816624,0.04914533667081006
0.00495,0.04911515757070402,0.04898591680105943,0.049244398340348605
0.00496,0.049214313461919894,0.04908516632317286,0.049343460600666925
0.0049700000000000005,0.049313469353135776,0.049184415253220676,0.04944252345305088
0.00498,0.049412625244351645,0.049283663589921416,0.049541586898781874
0.0049900000000000005,0.04951178113556753,0.049382911331998194,0.04964065093913686
0.005,0.0496109370267834,0.04948215847817865,0.04973971557538816
0.0050100000000000006,0.049710092917999285,0.0495814050271951,0.04983878080880347
0.00502,0.04980924880921516,0.0496806509777846,0.04993784664064572
0.005030000000000001,0.049908404700431036,0.049779896328689004,0.05003691307217307
0.00504,0.05000756059164691,0.04987914107865505,0.05013598010463877
0.005050000000000001,0.050106716482862794,0.04997838522643445,0.05023504773929114
0.00506,0.05020587237407867,0.05007762877078392,0.05033411597737342
0.005070000000000001,0.05030502826529455,0.05017687171046532,0.05043318482012378
0.00508,0.05040418415651042,0.05027611404424567,0.05053225426877517
0.005090000000000001,0.0505033400477263,0.050375355770897294,0.05063132432455531
0.0051,0.05060249593894218,0.050474596889197795,0.05073039498868656
0.005110000000000001,0.05070165183015806,0.050573837397930234,0.05082946626238589
0.00512,0.05080080772137393,0.050673077295883134,0.050928538146864724
0.00513,0.050899963612589805,0.05077231658185063,0.05102761064332898
0.0051400000000000005,0.05099911950380569,0.05087155525463246,0.051126683752978914
0.00515,0.05109827539502156,0.05097079331303408,0.05122575747700905
0.0051600000000000005,0.05119743128623744,0.05107003075586676,0.051324831816608116
0.00517,0.051296587177453314,0.05116926758194763,0.051423906772958994
0.005180000000000001,0.051395743068669196,0.0512685037900998,0.051522982347238594
0.00519,0.05149489895988507,0.05136773937915234,0.051622058540617806
0.005200000000000001,0.051594054851100954,0.051466974347940474,0.051721135354261434
0.00521,0.05169321074231682,0.05156620869530557,0.05182021278932807
0.005220000000000001,0.051792366633532705,0.05166544242009528,0.05191929084697013
0.00523,0.05189152252474858,0.051764675521163546,0.052018369528333615
0.005240000000000001,0.05199067841596446,0.05186390799737074,0.05211744883455818
0.00525,0.05208983430718033,0.05196313984758369,0.05221652876677697
0.005260000000000001,0.052188990198396214,0.052062371070675816,0.05231560932611661
0.00527,0.05228814608961209,0.052161601665527114,0.052414690513697064
0.005280000000000001,0.05238730198082797,0.052260831631024345,0.0525137723306316
0.00529,0.05248645787204384,0.05236006096606098,0.0526128547780267
0.0053,0.052585613763259716,0.052459289669537425,0.05271193785698201
0.0053100000000000005,0.0526847696544756,0.05255851774036096,0.05281102156859024
0.00532,0.052783925545691474,0.052657745177445876,0.05291010591393707
0.0053300000000000005,0.05288308143690735,0.05275697197971357,0.05300919089410113
0.00534,0.052982237328123225,0.052856198146092555,0.053108276510153894
0.005350000000000001,0.05308139321933911,0.05295542367551862,0.05320736276315959
0.00536,0.05318054911055498,0.053054648566934814,0.05330644965417515
0.005370000000000001,0.053279705001770865,0.05315387281929158,0.05340553718425015
0.00538,0.05337886089298673,0.05325309643154679,0.053504625354426676
0.005390000000000001,0.053478016784202616,0.05335231940266589,0.05360371416573934
0.0054,0.05357717267541849,0.053451541731621866,0.05370280361921512
0.005410000000000001,0.053676328566634374,0.0535507634173954,0.05380189371587335
0.00542,0.05377548445785024,0.053649984458974884,0.0539009844567256
0.005430000000000001,0.053874640349066125,0.05374920485535659,0.054000075842775656
0.00544,0.053973796240282,0.053848424605544606,0.054099167875019394
0.005450000000000001,0.05407295213149788,0.05394764370855101,0.05419826055444475
0.0054600000000000004,0.05417210802271375,0.054046862163395895,0.05429735388203161
0.00547,0.05427126391392963,0.05414607996910747,0.054396447858751786
0.0054800000000000005,0.05437041980514551,0.0542452971247221,0.05449554248556892
0.00549,0.054469575696361384,0.054344513629284386,0.05459463776343838
0.0055000000000000005,0.05456873158757727,0.054443729481847246,0.05469373369330729
0.00551,0.054667887478793135,0.05454294468147197,0.0547928302761143
0.005520000000000001,0.05476704337000902,0.05464215922722832,0.054891927512789714
0.00553,0.05486619926122489,0.05474137311819455,0.05499102540425524
0.005540000000000001,0.054965355152440776,0.0548405863534575,0.05509012395142405
0.00555,0.055064511043656644,0.05493979893211268,0.05518922315520061
0.005560000000000001,0.05516366693487253,0.055039010853264306,0.05528832301648075
0.00557,0.0552628228260884,0.055138222116025384,0.05538742353615142
0.005580000000000001,0.055361978717304285,0.05523743271951779,0.05548652471509078
0.00559,0.05546113460852015,0.05533664266287229,0.055585626554168016
0.005600000000000001,0.055560290499736036,0.055435851945228674,0.0556847290542434
0.00561,0.05565944639095191,0.05553506056573576,0.05578383221616806
0.005620000000000001,0.05575860228216779,0.05563426852355149,0.0558829360407841
0.0056300000000000005,0.05585775817338367,0.05573347581784297,0.055982040528924366
0.00564,0.05595691406459954,0.05583268244778657,0.0560811456814125
0.0056500000000000005,0.05605606995581542,0.055931888412567986,0.056180251499062854
0.00566,0.056155225847031295,0.05603109371138223,0.05627935798268036
0.0056700000000000006,0.05625438173824718,0.05613029834343379,0.056378465133060565
0.00568,0.056353537629463046,0.05622950230793662,0.05647757295098947
0.005690000000000001,0.05645269352067893,0.05632870560411427,0.056576681437243585
0.0057,0.056551849411894804,0.05642790823119986,0.05667579059258975
0.005710000000000001,0.05665100530311069,0.0565271101884362,0.05677490041778517
0.00572,0.056750161194326555,0.05662631147507584,0.05687401091357727
0.005730000000000001,0.05684931708554244,0.05672551209038113,0.05697312208070374
0.00574,0.05694847297675831,0.05682471203362425,0.05707223391989238
0.005750000000000001,0.057047628867974196,0.0569239113040873,0.05717134643186109
0.00576,0.057146784759190064,0.057023109901062324,0.057270459617317804
0.005770000000000001,0.057245940650405946,0.05712230782385144,0.05736957347696045
0.00578,0.05734509654162182,0.05722150507176679,0.05746868801147685
0.005790000000000001,0.057444252432837704,0.05732070164413067,0.05756780322154474
0.0058000000000000005,0.05754340832405358,0.05741989754027553,0.05766691910783163
0.00581,0.05764256421526945,0.057519092759544095,0.0577660356709948
0.0058200000000000005,0.05774172010648533,0.05761828730128939,0.05786515291168127
0.00583,0.057840875997701206,0.05771748116487474,0.05796427083052767
0.005840000000000001,0.05794003188891709,0.057816674349673886,0.05806338942816029
0.00585,0.05803918778013296,0.057915866855071,0.05816250870519491
0.005860000000000001,0.05813834367134884,0.058015058680460786,0.05826162866223689
0.00587,0.058237499562564715,0.05811424982524844,0.05836074929988099
0.005880000000000001,0.0583366554537806,0.05821344028884979,0.058459870618711406
0.00589,0.058435811344996466,0.05831263007069126,0.05855899261930167
0.005900000000000001,0.05853496723621235,0.058411819170210016,0.05865811530221468
0.00591,0.058634123127428224,0.05851100758685391,0.05875723866800254
0.005920000000000001,0.058733279018644106,0.058610195320081576,0.05885636271720664
0.00593,0.05883243490985998,0.05870938236936248,0.05895548745035748
0.005940000000000001,0.05893159080107586,0.058808568734176954,0.05905461286797476
0.00595,0.05903074669229173,0.058907754414016224,0.05915373897056724
0.005960000000000001,0.059129902583507615,0.05900693940838248,0.05925286575863275
0.0059700000000000005,0.05922905847472349,0.05910612371678888,0.0593519932326581
0.00598,0.05932821436593936,0.05920530733875963,0.05945112139311909
0.0059900000000000005,0.05942737025715524,0.05930449027383,0.05955025024048048
0.006,0.05952652614837112,0.05940367252154637,0.05964937977519586
0.006010000000000001,0.059625682039587,0.05950285408146626,0.05974850999770774
0.00602,0.05972483793080287,0.059602034953158356,0.05984764090844738
0.006030000000000001,0.05982399382201875,0.05970121513620261,0.059946772507834895
0.00604,0.059923149713234626,0.05980039463019017,0.06004590479627908
0.006050000000000001,0.06002230560445051,0.05989957343472351,0.060145037774177505
0.00606,0.06012146149566638,0.05999875154941639,0.060244171441916364
0.006070000000000001,0.06022061738688226,0.060097928973893974,0.060343305799870545
0.00608,0.060319773278098135,0.06019710570779275,0.06044244084840352
0.006090000000000001,0.06041892916931402,0.06029628175076066,0.06054157658786737
0.0061,0.06051808506052989,0.06039545710245708,0.06064071301860271
0.006110000000000001,0.06061724095174577,0.060494631762552833,0.0607398501409387
0.0061200000000000004,0.060716396842961644,0.06059380573073029,0.060838987955193
0.006130000000000001,0.060815552734177526,0.06069297900668332,0.06093812646167173
0.0061400000000000005,0.0609147086253934,0.06079215159011733,0.06103726566066947
0.00615,0.06101386451660927,0.06089132348074932,0.06113640555246922
0.0061600000000000005,0.06111302040782515,0.06099049467830792,0.06123554613734238
0.00617,0.06121217629904103,0.06108966518253333,0.061334687415548726
0.006180000000000001,0.06131133219025691,0.06118883499317743,0.061433829387336394
0.00619,0.06141048808147278,0.06128800411000374,0.061532972052941816
0.006200000000000001,0.06150964397268866,0.061387172532787526,0.0616321154125898
0.00621,0.06160879986390454,0.06148634026131568,0.061731259466493396
0.006220000000000001,0.06170795575512042,0.06158550729538688,0.06183040421485396
0.00623,0.061807111646336295,0.06168467363481151,0.06192954965786108
0.006240000000000001,0.06190626753755217,0.06178383927941172,0.06202869579569262
0.00625,0.062005423428768046,0.06188300422902145,0.06212784262851464
0.006260000000000001,0.06210457931998393,0.061982168483486415,0.06222699015648144
0.00627,0.062203735211199804,0.06208133204266411,0.062326138379735496
0.006280000000000001,0.062302891102415686,0.062180494906423876,0.062425287298407496
0.0062900000000000005,0.062402046993631555,0.062279657074646826,0.06252443691261628
0.006300000000000001,0.06250120288484744,0.06237881854722598,0.06262358722246888
0.0063100000000000005,0.06260035877606332,0.062477979324066145,0.06272273822806049
0.00632,0.06269951466727919,0.06257713940508397,0.0628218899294744
0.0063300000000000006,0.06279867055849507,0.06267629879020803,0.06292104232678211
0.00634,0.06289782644971094,0.06277545747937867,0.06302019542004321
0.006350000000000001,0.06299698234092682,0.06287461547254818,0.06311934920930547
0.00636,0.0630961382321427,0.06297377276968068,0.06321850369460473
0.006370000000000001,0.06319529412335859,0.06307292937075219,0.06331765887596498
0.00638,0.06329445001457445,0.06317208527575056,0.06341681475339835
0.006390000000000001,0.06339360590579034,0.06327124048467561,0.06351597132690506
0.0064,0.0634927617970062,0.06337039499753895,0.06361512859647346
0.006410000000000001,0.06359191768822209,0.0634695488143641,0.06371428656208007
0.00642,0.06369107357943797,0.06356870193518649,0.06381344522368945
0.006430000000000001,0.06379022947065385,0.06366785436005334,0.06391260458125436
0.00644,0.06388938536186972,0.06376700608902382,0.06401176463471563
0.006450000000000001,0.0639885412530856,0.06386615712216892,0.06411092538400229
0.0064600000000000005,0.06408769714430147,0.06396530745957149,0.06421008682903145
0.006470000000000001,0.06418685303551735,0.06406445710132627,0.06430924896970844
0.0064800000000000005,0.06428600892673322,0.06416360604753979,0.06440841180592666
0.00649,0.0643851648179491,0.06426275429833044,0.06450757533756778
0.006500000000000001,0.06448432070916499,0.06436190185382842,0.06460673956450155
0.00651,0.06458347660038086,0.06446104871417577,0.06470590448658595
0.006520000000000001,0.06468263249159674,0.0645601948795263,0.06480507010366718
0.00653,0.06478178838281261,0.0646593403500456,0.06490423641557962
0.006540000000000001,0.06488094427402849,0.06475848512591109,0.06500340342214589
0.00655,0.06498010016524437,0.06485762920731188,0.06510257112317687
0.006560000000000001,0.06507925605646026,0.06495677259444886,0.06520173951847165
0.00657,0.06517841194767612,0.06505591528753461,0.06530090860781763
0.006580000000000001,0.065277567838892,0.06515505728679348,0.06540007839099053
0.00659,0.06537672373010787,0.06525419859246144,0.06549924886775431
0.006600000000000001,0.06547587962132376,0.06535333920478618,0.06559842003786133
0.00661,0.06557503551253963,0.065452479124027,0.06569759190105225
0.006620000000000001,0.06567419140375551,0.06555161835045485,0.06579676445705616
0.0066300000000000005,0.06577334729497139,0.06565075688435226,0.06589593770559052
0.006640000000000001,0.06587250318618727,0.06574989472601335,0.0659951116463612
0.0066500000000000005,0.06597165907740314,0.06584903187574377,0.06609428627906251
0.00666,0.06607081496861901,0.06594816833386075,0.06619346160337727
0.006670000000000001,0.06616997085983489,0.066047304100693,0.06629263761897679
0.00668,0.06626912675105077,0.06614643917658067,0.06639181432552088
0.006690000000000001,0.06636828264226664,0.06624557356187535,0.06649099172265793
0.0067,0.06646743853348253,0.06634470725694014,0.06659016981002491
0.006710000000000001,0.06656659442469841,0.06644384026214942,0.0666893485872474
0.00672,0.06666575031591428,0.06654297257788895,0.0667885280539396
0.006730000000000001,0.06676490620713016,0.06664210420455585,0.06688770820970447
0.00674,0.06686406209834603,0.06674123514255847,0.06698688905413358
0.006750000000000001,0.06696321798956191,0.06684036539231648,0.06708607058680734
0.00676,0.06706237388077779,0.06693949495426071,0.06718525280729487
0.006770000000000001,0.06716152977199367,0.06703862382883322,0.06728443571515413
0.0067800000000000004,0.06726068566320954,0.06713775201648714,0.06738361930993195
0.006790000000000001,0.06735984155442543,0.06723687951768681,0.06748280359116404
0.0068000000000000005,0.0674589974456413,0.06733600633290757,0.06758198855837502
0.006810000000000001,0.06755815333685718,0.06743513246263584,0.06768117421107851
0.0068200000000000005,0.06765730922807305,0.06753425790736896,0.06778036054877713
0.00683,0.06775646511928893,0.06763338266761532,0.06787954757096254
0.006840000000000001,0.06785562101050481,0.06773250674389412,0.0679787352771155
0.00685,0.06795477690172068,0.06783163013673547,0.06807792366670588
0.006860000000000001,0.06805393279293656,0.06793075284668033,0.06817711273919279
0.00687,0.06815308868415243,0.06802987487428039,0.06827630249402447
0.006880000000000001,0.06825224457536831,0.06812899622009809,0.06837549293063853
0.00689,0.0683514004665842,0.06822811688470658,0.06847468404846181
0.006900000000000001,0.06845055635780008,0.06832723686868959,0.06857387584691056
0.00691,0.06854971224901595,0.0684263561726415,0.06867306832539039
0.006920000000000001,0.06864886814023183,0.06852547479716724,0.06877226148329642
0.00693,0.0687480240314477,0.06862459274288216,0.06887145532001324
0.006940000000000001,0.06884717992266358,0.06872371001041216,0.068970649834915
0.0069500000000000004,0.06894633581387945,0.06882282660039345,0.06906984502736545
0.006960000000000001,0.06904549170509533,0.06892194251347265,0.069169040896718
0.0069700000000000005,0.06914464759631121,0.06902105775030662,0.0692682374423158
0.006980000000000001,0.0692438034875271,0.06912017231156249,0.0693674346634917
0.0069900000000000006,0.06934295937874296,0.06921928619791753,0.06946663255956839
0.007,0.06944211526995883,0.06931839941005924,0.06956583112985842
0.007010000000000001,0.06954127116117471,0.06941751194868512,0.06966503037366431
0.00702,0.0696404270523906,0.06951662381450269,0.0697642302902785
0.007030000000000001,0.06973958294360648,0.06961573500822948,0.06986343087898347
0.00704,0.06983873883482235,0.06971484553059289,0.06996263213905181
0.007050000000000001,0.06993789472603823,0.06981395538233022,0.07006183406974624
0.00706,0.0700370506172541,0.0699130645641885,0.0701610366703197
0.007070000000000001,0.07013620650846998,0.07001217307692457,0.07026023994001539
0.00708,0.07023536239968585,0.07011128092130489,0.07035944387806681
0.007090000000000001,0.07033451829090173,0.07021038809810556,0.0704586484836979
0.0071,0.07043367418211761,0.07030949460811224,0.07055785375612299
0.007110000000000001,0.0705328300733335,0.07040860045212008,0.07065705969454691
0.0071200000000000005,0.07063198596454937,0.07050770563093364,0.07075626629816509
0.007130000000000001,0.07073114185576525,0.07060681014536692,0.07085547356616358
0.0071400000000000005,0.07083029774698112,0.07070591399624314,0.0709546814977191
0.007150000000000001,0.070929453638197,0.07080501718439487,0.07105389009199913
0.0071600000000000006,0.07102860952941288,0.07090411971066378,0.07115309934816198
0.00717,0.07112776542062875,0.07100322157590067,0.07125230926535683
0.007180000000000001,0.07122692131184463,0.07110232278096544,0.07135151984272382
0.00719,0.0713260772030605,0.07120142332672692,0.07145073107939408
0.007200000000000001,0.07142523309427638,0.07130052321406294,0.07154994297448983
0.00721,0.07152438898549225,0.0713996224438601,0.0716491555271244
0.007220000000000001,0.07162354487670813,0.07149872101701385,0.07174836873640242
0.00723,0.07172270076792402,0.07159781893442835,0.07184758260141969
0.007240000000000001,0.0718218566591399,0.07169691619701639,0.07194679712126341
0.00725,0.07192101255035577,0.07179601280569939,0.07204601229501215
0.007260000000000001,0.07202016844157165,0.07189510876140726,0.07214522812173604
0.00727,0.07211932433278752,0.07199420406507835,0.07224444460049669
0.007280000000000001,0.0722184802240034,0.07209329871765947,0.07234366173034733
0.0072900000000000005,0.07231763611521928,0.07219239272010564,0.07244287951033293
0.007300000000000001,0.07241679200643515,0.07229148607338017,0.07254209793949014
0.0073100000000000005,0.07251594789765103,0.07239057877845455,0.07264131701684752
0.007320000000000001,0.07261510378886692,0.07248967083630838,0.07274053674142546
0.007330000000000001,0.07271425968008279,0.07258876224792922,0.07283975711223635
0.00734,0.07281341557129865,0.07268785301431267,0.07293897812828463
0.007350000000000001,0.07291257146251454,0.07278694313646221,0.07303819978856686
0.00736,0.07301172735373042,0.0728860326153891,0.07313742209207173
0.007370000000000001,0.0731108832449463,0.07298512145211236,0.07323664503778024
0.00738,0.07321003913616217,0.07308420964765867,0.07333586862466566
0.007390000000000001,0.07330919502737805,0.07318329720306233,0.07343509285169378
0.0074,0.07340835091859392,0.07328238411936513,0.0735343177178227
0.007410000000000001,0.0735075068098098,0.07338147039761639,0.07363354322200322
0.00742,0.07360666270102567,0.0734805560388727,0.07373276936317864
0.007430000000000001,0.07370581859224155,0.07357964104419804,0.07383199614028507
0.00744,0.07380497448345744,0.07367872541466358,0.07393122355225129
0.007450000000000001,0.07390413037467332,0.07377780915134767,0.07403045159799897
0.0074600000000000005,0.07400328626588919,0.0738768922553357,0.07412968027644268
0.007470000000000001,0.07410244215710507,0.07397597472772013,0.07422890958649
0.0074800000000000005,0.07420159804832094,0.07407505656960031,0.07432813952704156
0.007490000000000001,0.07430075393953682,0.07417413778208246,0.07442737009699119
0.007500000000000001,0.0743999098307527,0.07427321836627959,0.07452660129522581
0.00751,0.07449906572196857,0.07437229832331138,0.07462583312062576
0.007520000000000001,0.07459822161318445,0.07447137765430421,0.0747250655720647
0.00753,0.07469737750440032,0.07457045636039097,0.07482429864840967
0.007540000000000001,0.0747965333956162,0.07466953444271104,0.07492353234852137
0.00755,0.07489568928683207,0.0747686119024102,0.07502276667125395
0.007560000000000001,0.07499484517804796,0.07486768874064058,0.07512200161545533
0.00757,0.07509400106926384,0.07496676495856056,0.07522123717996712
0.007580000000000001,0.07519315696047972,0.07506584055733467,0.07532047336362477
0.00759,0.07529231285169559,0.07516491553813358,0.0754197101652576
0.007600000000000001,0.07539146874291147,0.07526398990213397,0.07551894758368898
0.0076100000000000004,0.07549062463412734,0.07536306365051845,0.07561818561773623
0.007620000000000001,0.07558978052534322,0.07546213678447557,0.07571742426621088
0.0076300000000000005,0.0756889364165591,0.07556120930519959,0.07581666352791862
0.007640000000000001,0.07578809230777499,0.07566028121389055,0.07591590340165942
0.0076500000000000005,0.07588724819899086,0.07575935251175413,0.07601514388622758
0.007660000000000001,0.07598640409020674,0.07585842320000157,0.07611438498041191
0.007670000000000001,0.0760855599814226,0.07595749327984959,0.07621362668299562
0.007680000000000001,0.07618471587263849,0.07605656275252036,0.07631286899275662
0.007690000000000001,0.07628387176385436,0.07615563161924137,0.07641211190846735
0.0077,0.07638302765507024,0.07625469988124538,0.0765113554288951
0.007710000000000001,0.07648218354628612,0.07635376753977036,0.07661059955280189
0.00772,0.07658133943750199,0.07645283459605932,0.07670984427894466
0.007730000000000001,0.07668049532871787,0.07655190105136042,0.07680908960607533
0.00774,0.07677965121993374,0.07665096690692669,0.0769083355329408
0.007750000000000001,0.07687880711114962,0.0767500321640161,0.07700758205828315
0.00776,0.07697796300236551,0.07684909682389142,0.0771068291808396
0.007770000000000001,0.07707711889358138,0.0769481608878201,0.07720607689934265
0.0077800000000000005,0.07717627478479726,0.07704722435707434,0.07730532521252018
0.007790000000000001,0.07727543067601314,0.07714628723293089,0.07740457411909539
0.0078000000000000005,0.07737458656722901,0.07724534951667095,0.07750382361778707
0.007810000000000001,0.07747374245844489,0.07734441120958027,0.07760307370730951
0.00782,0.07757289834966076,0.07744347231294885,0.07770232438637267
0.00783,0.07767205424087664,0.07754253282807105,0.07780157565368223
0.007840000000000001,0.07777121013209252,0.07764159275624541,0.07790082750793964
0.007850000000000001,0.07787036602330841,0.0777406520987746,0.07800007994784221
0.00786,0.07796952191452428,0.07783971085696538,0.07809933297208317
0.00787,0.07806867780574014,0.07793876903212846,0.07819858657935183
0.00788,0.07816783369695603,0.07803782662557852,0.07829784076833353
0.007890000000000001,0.07826698958817191,0.07813688363863402,0.0783970955377098
0.0079,0.07836614547938778,0.07823594007261724,0.07849635088615832
0.00791,0.07846530137060366,0.07833499592885411,0.07859560681235321
0.00792,0.07856445726181953,0.07843405120867422,0.07869486331496484
0.007930000000000001,0.07866361315303542,0.0785331059134107,0.07879412039266015
0.007940000000000001,0.0787627690442513,0.07863216004440013,0.07889337804410246
0.00795,0.07886192493546716,0.0787312136029825,0.07899263626795182
0.00796,0.07896108082668304,0.07883026659050121,0.07909189506286488
0.007970000000000001,0.07906023671789893,0.07892931900830281,0.07919115442749504
0.007980000000000001,0.07915939260911481,0.0790283708577371,0.07929041436049251
0.00799,0.07925854850033068,0.07912742214015699,0.07938967486050437
0.008,0.07935770439154655,0.07922647285691842,0.07948893592617468
0.008010000000000001,0.07945686028276244,0.07932552300938037,0.07958819755614452
0.008020000000000001,0.07955601617397831,0.0794245725989046,0.07968745974905202
0.00803,0.07965517206519418,0.07952362162685585,0.07978672250353251
0.00804,0.07975432795641006,0.07962267009460156,0.07988598581821857
0.00805,0.07985348384762593,0.07972171800351183,0.07998524969174003
0.008060000000000001,0.07995263973884183,0.07982076535495948,0.08008451412272417
0.00807,0.0800517956300577,0.07991981215031978,0.08018377910979561
0.00808,0.08015095152127356,0.08001885839097059,0.08028304465157654
0.00809,0.08025010741248945,0.08011790407829214,0.08038231074668675
0.008100000000000001,0.08034926330370533,0.08021694921366704,0.08048157739374362
0.008110000000000001,0.08044841919492121,0.08031599379848016,0.08058084459136226
0.00812,0.08054757508613708,0.0804150378341186,0.08068011233815556
0.00813,0.08064673097735295,0.08051408132197163,0.08077938063273427
0.008140000000000001,0.08074588686856884,0.08061312426343062,0.08087864947370707
0.008150000000000001,0.08084504275978471,0.08071216665988888,0.08097791885968054
0.00816,0.08094419865100058,0.08081120851274178,0.08107718878925939
0.00817,0.08104335454221646,0.08091024982338652,0.08117645926104641
0.008180000000000002,0.08114251043343235,0.08100929059322214,0.08127573027364256
0.008190000000000001,0.08124166632464823,0.08110833082364943,0.08137500182564703
0.0082,0.0813408222158641,0.08120737051607088,0.08147427391565731
0.00821,0.08143997810707997,0.08130640967189061,0.08157354654226932
0.00822,0.08153913399829585,0.08140544829251435,0.08167281970407735
0.008230000000000001,0.08163828988951173,0.08150448637934928,0.08177209339967419
0.00824,0.08173744578072761,0.08160352393380403,0.0818713676276512
0.00825,0.08183660167194348,0.08170256095728863,0.08197064238659833
0.00826,0.08193575756315935,0.08180159745121442,0.08206991767510428
0.008270000000000001,0.08203491345437525,0.08190063341699402,0.08216919349175647
0.008280000000000001,0.08213406934559112,0.08199966885604118,0.08226846983514105
0.00829,0.08223322523680698,0.08209870376977085,0.08236774670384311
0.0083,0.08233238112802287,0.08219773815959906,0.08246702409644667
0.008310000000000001,0.08243153701923875,0.08229677202694279,0.08256630201153471
0.008320000000000001,0.08253069291045463,0.08239580537322003,0.08266558044768924
0.00833,0.0826298488016705,0.08249483819984961,0.08276485940349139
0.00834,0.08272900469288637,0.08259387050825127,0.08286413887752146
0.008350000000000002,0.08282816058410226,0.08269290229984554,0.08296341886835899
0.008360000000000001,0.08292731647531813,0.08279193357605352,0.08306269937458274
0.00837,0.08302647236653402,0.08289096433829715,0.08316198039477088
0.00838,0.08312562825774988,0.08298999458799888,0.08326126192750088
0.00839,0.08322478414896575,0.08308902432658175,0.08336054397134976
0.008400000000000001,0.08332394004018165,0.08318805355546928,0.08345982652489402
0.00841,0.08342309593139752,0.0832870822760854,0.08355910958670963
0.00842,0.08352225182261339,0.08338611048985446,0.08365839315537231
0.00843,0.08362140771382927,0.08348513819820116,0.08375767722945737
0.008440000000000001,0.08372056360504515,0.08358416540255043,0.08385696180753988
0.008450000000000001,0.08381971949626103,0.0836831921043274,0.08395624688819467
0.00846,0.0839188753874769,0.0837822183049574,0.0840555324699964
0.00847,0.08401803127869277,0.08388124400586588,0.08415481855151966
0.008480000000000001,0.08411718716990867,0.0839802692084784,0.08425410513133894
0.008490000000000001,0.08421634306112454,0.08407929391422038,0.08435339220802869
0.0085,0.0843154989523404,0.08417831812451732,0.08445267978016349
0.00851,0.08441465484355629,0.0842773418407946,0.08455196784631797
0.008520000000000002,0.08451381073477217,0.08437636506447745,0.08465125640506689
0.008530000000000001,0.08461296662598805,0.08447538779699088,0.08475054545498523
0.00854,0.08471212251720392,0.08457441003975967,0.08484983499464817
0.00855,0.08481127840841979,0.08467343179420833,0.08494912502263124
0.00856,0.08491043429963567,0.084772453061761,0.08504841553751034
0.008570000000000001,0.08500959019085155,0.08487147384384142,0.08514770653786169
0.00858,0.08510874608206744,0.08497049414187291,0.08524699802226196
0.00859,0.0852079019732833,0.08506951395727826,0.08534628998928835
0.0086,0.08530705786449917,0.08516853329147978,0.08544558243751857
0.008610000000000001,0.08540621375571507,0.08526755214589918,0.08554487536553096
0.008620000000000001,0.08550536964693094,0.08536657052195751,0.08564416877190437
0.00863,0.0856045255381468,0.08546558842107516,0.08574346265521846
0.00864,0.08570368142936269,0.08556460584467183,0.08584275701405354
0.008650000000000001,0.08580283732057857,0.08566362279416642,0.08594205184699072
0.008660000000000001,0.08590199321179445,0.08576263927097702,0.08604134715261189
0.00867,0.08600114910301032,0.08586165527652088,0.08614064292949976
0.00868,0.08610030499422619,0.08596067081221434,0.08623993917623804
0.008690000000000002,0.08619946088544209,0.08605968587947284,0.08633923589141133
0.008700000000000001,0.08629861677665795,0.08615870047971075,0.08643853307360516
0.00871,0.08639777266787384,0.0862577146143415,0.08653783072140618
0.00872,0.0864969285590897,0.08635672828477738,0.08663712883340204
0.00873,0.08659608445030557,0.08645574149242964,0.08673642740818151
0.008740000000000001,0.08669524034152147,0.08655475423870838,0.08683572644433456
0.00875,0.08679439623273734,0.0866537665250224,0.08693502594045228
0.00876,0.08689355212395321,0.08675277835277938,0.08703432589512704
0.00877,0.08699270801516909,0.08685178972338571,0.08713362630695247
0.008780000000000001,0.08709186390638497,0.08695080063824645,0.0872329271745235
0.008790000000000001,0.08719101979760085,0.0870498110987653,0.0873322284964364
0.0088,0.08729017568881672,0.0871488211063446,0.08743153027128885
0.00881,0.08738933158003259,0.08724783066238524,0.08753083249767994
0.008820000000000001,0.08748848747124849,0.08734683976828672,0.08763013517421026
0.008830000000000001,0.08758764336246436,0.0874458484254469,0.08772943829948181
0.00884,0.08768679925368024,0.08754485663526226,0.08782874187209821
0.00885,0.08778595514489611,0.08764386439912758,0.08792804589066464
0.008860000000000002,0.08788511103611199,0.08774287171843614,0.08802735035378784
0.008870000000000001,0.08798426692732787,0.08784187859457952,0.08812665526007622
0.00888,0.08808342281854374,0.08794088502894759,0.08822596060813989
0.00889,0.08818257870975961,0.0880398910229286,0.08832526639659062
0.0089,0.08828173460097549,0.08813889657790898,0.088424572624042
0.008910000000000001,0.08838089049219137,0.08823790169527342,0.08852387928910933
0.00892,0.08848004638340726,0.08833690637640476,0.08862318639040975
0.00893,0.08857920227462313,0.08843591062268402,0.08872249392656223
0.00894,0.088678358165839,0.08853491443549037,0.08882180189618762
0.008950000000000001,0.08877751405705489,0.08863391781620104,0.08892111029790874
0.008960000000000001,0.08887666994827076,0.08873292076619131,0.0890204191303502
0.00897,0.08897582583948664,0.0888319232868345,0.08911972839213879
0.00898,0.08907498173070251,0.08893092537950192,0.0892190380819031
0.008990000000000001,0.08917413762191839,0.08902992704556291,0.08931834819827388
0.009000000000000001,0.08927329351313427,0.08912892828638466,0.08941765873988389
0.00901,0.08937244940435014,0.0892279291033323,0.08951696970536799
0.00902,0.08947160529556601,0.08932692949776887,0.08961628109336316
0.009030000000000002,0.08957076118678191,0.08942592947105527,0.08971559290250855
0.009040000000000001,0.08966991707799778,0.08952492902455013,0.08981490513144542
0.00905,0.08976907296921366,0.08962392815960998,0.08991421777881733
0.00906,0.08986822886042953,0.08972292687758907,0.09001353084326999
0.00907,0.0899673847516454,0.0898219251798394,0.09011284432345139
0.009080000000000001,0.09006654064286129,0.08992092306771073,0.09021215821801186
0.00909,0.09016569653407716,0.09001992054255041,0.09031147252560391
0.0091,0.09026485242529304,0.09011891760570355,0.09041078724488254
0.00911,0.09036400831650891,0.09021791425851283,0.09051010237450499
0.009120000000000001,0.0904631642077248,0.09031691050231862,0.09060941791313097
0.009130000000000001,0.09056232009894068,0.0904159063384588,0.09070873385942255
0.00914,0.09066147599015655,0.09051490176826885,0.09080805021204424
0.00915,0.09076063188137241,0.0906138967930818,0.09090736696966303
0.009160000000000001,0.09085978777258831,0.0907128914142282,0.09100668413094842
0.009170000000000001,0.09095894366380418,0.09081188563303605,0.09110600169457231
0.00918,0.09105809955502006,0.0909108794508309,0.09120531965920922
0.00919,0.09115725544623593,0.09100987286893567,0.0913046380235362
0.009200000000000002,0.09125641133745181,0.09110886588867076,0.09140395678623287
0.009210000000000001,0.0913555672286677,0.09120785851135395,0.09150327594598144
0.00922,0.09145472311988356,0.09130685073830043,0.0916025955014667
0.00923,0.09155387901109943,0.09140584257082272,0.09170191545137614
0.00924,0.09165303490231531,0.09150483401023074,0.09180123579439989
0.009250000000000001,0.0917521907935312,0.09160382505783167,0.09190055652923072
0.009260000000000001,0.09185134668474708,0.09170281571493005,0.0919998776545641
0.00927,0.09195050257596295,0.09180180598282764,0.09209919916909826
0.00928,0.09204965846717882,0.09190079586282351,0.09219852107153412
0.009290000000000001,0.09214881435839471,0.09199978535621404,0.09229784336057538
0.009300000000000001,0.09224797024961058,0.09209877446429268,0.09239716603492848
0.00931,0.09234712614082646,0.09219776318835024,0.09249648909330269
0.00932,0.09244628203204233,0.09229675152967463,0.09259581253441003
0.009330000000000001,0.09254543792325821,0.092395739489551,0.09269513635696543
0.009340000000000001,0.0926445938144741,0.09249472706926162,0.09279446055968657
0.00935,0.09274374970568997,0.0925937142700859,0.09289378514129402
0.00936,0.09284290559690583,0.09269270109330041,0.09299311010051126
0.009370000000000002,0.09294206148812173,0.09279168754017883,0.09309243543606463
0.009380000000000001,0.0930412173793376,0.09289067361199185,0.09319176114668334
0.00939,0.09314037327055348,0.09298965931000736,0.0932910872310996
0.0094,0.09323952916176935,0.09308864463549021,0.09339041368804848
0.00941,0.09333868505298522,0.09318762958970238,0.09348974051626806
0.009420000000000001,0.09343784094420111,0.09328661417390287,0.09358906771449936
0.009430000000000001,0.09353699683541698,0.09338559838934762,0.09368839528148634
0.00944,0.09363615272663287,0.0934845822372897,0.09378772321597603
0.00945,0.09373530861784873,0.09358356571897906,0.0938870515167184
0.009460000000000001,0.09383446450906462,0.09368254883566274,0.0939863801824665
0.009470000000000001,0.0939336204002805,0.09378153158858465,0.09408570921197634
0.00948,0.09403277629149637,0.09388051397898571,0.09418503860400702
0.00949,0.09413193218271224,0.09397949600810376,0.09428436835732071
0.009500000000000001,0.09423108807392813,0.09407847767717362,0.09438369847068265
0.009510000000000001,0.094330243965144,0.09417745898742692,0.09448302894286108
0.00952,0.09442939985635988,0.09427643994009234,0.09458235977262743
0.00953,0.09452855574757575,0.09437542053639532,0.09468169095875618
0.009540000000000002,0.09462771163879165,0.0944744007775583,0.094781022500025
0.009550000000000001,0.09472686753000752,0.0945733806648005,0.09488035439521453
0.00956,0.09482602342122338,0.09467236019933807,0.0949796866431087
0.00957,0.09492517931243927,0.09477133938238401,0.09507901924249453
0.00958,0.09502433520365514,0.09487031821514812,0.09517835219216216
0.009590000000000001,0.09512349109487102,0.0949692966988371,0.09527768549090494
0.009600000000000001,0.0952226469860869,0.09506827483465442,0.09537701913751938
0.00961,0.09532180287730277,0.09516725262380038,0.09547635313080516
0.00962,0.09542095876851864,0.0952662300674721,0.09557568746956517
0.009630000000000001,0.09552011465973453,0.09536520716686356,0.09567502215260551
0.009640000000000001,0.0956192705509504,0.09546418392316539,0.09577435717873542
0.00965,0.09571842644216629,0.09556316033756512,0.09587369254676745
0.00966,0.09581758233338215,0.09566213641124703,0.09597302825551728
0.009670000000000002,0.09591673822459805,0.09576111214539217,0.09607236430380393
0.009680000000000001,0.09601589411581392,0.09586008754117831,0.09617170069044953
0.00969,0.09611505000702979,0.09595906259978003,0.09627103741427954
0.0097,0.09621420589824567,0.09605803732236866,0.09637037447412268
0.009710000000000002,0.09631336178946155,0.09615701171011225,0.09646971186881086
0.009720000000000001,0.09641251768067742,0.09625598576417554,0.0965690495971793
0.00973,0.0965116735718933,0.0963549594857201,0.0966683876580665
0.00974,0.09661082946310917,0.09645393287590416,0.09676772605031418
0.00975,0.09670998535432504,0.09655290593588267,0.09686706477276741
0.009760000000000001,0.09680914124554094,0.09665187866680734,0.09696640382427453
0.009770000000000001,0.0969082971367568,0.09675085106982652,0.09706574320368709
0.00978,0.09700745302797269,0.09684982314608531,0.09716508290986006
0.00979,0.09710660891918856,0.0969487948967255,0.09726442294165161
0.009800000000000001,0.09720576481040445,0.0970477663228856,0.0973637632979233
0.009810000000000001,0.09730492070162032,0.09714673742570074,0.0974631039775399
0.00982,0.09740407659283619,0.0972457082063028,0.09756244497936958
0.00983,0.09750323248405206,0.09734467866582032,0.0976617863022838
0.009840000000000002,0.09760238837526795,0.09744364880537856,0.09776112794515734
0.009850000000000001,0.09770154426648382,0.09754261862609938,0.09786046990686827
0.00986,0.0978007001576997,0.09764158812910138,0.09795981218629803
0.00987,0.09789985604891557,0.09774055731549978,0.09805915478233136
0.009880000000000002,0.09799901194013147,0.09783952618640654,0.0981584976938564
0.009890000000000001,0.09809816783134734,0.09793849474293018,0.0982578409197645
0.0099,0.0981973237225632,0.09803746298617595,0.09835718445895046
0.00991,0.09829647961377909,0.0981364309172458,0.09845652831031237
0.00992,0.09839563550499496,0.09823539853723824,0.09855587247275167
0.009930000000000001,0.09849479139621084,0.09833436584724851,0.09865521694517317
0.009940000000000001,0.09859394728742672,0.0984333328483685,0.09875456172648495
0.00995,0.09869310317864259,0.09853229954168667,0.09885390681559851
0.00996,0.09879225906985846,0.09863126592828826,0.09895325221142866
0.009970000000000001,0.09889141496107436,0.0987302320092551,0.09905259791289361
0.009980000000000001,0.09899057085229022,0.09882919778566564,0.09915194391891481
0.00999,0.0990897267435061,0.09892816325859502,0.0992512902284172
0.01,0.09918888263472198,0.09902712842911503,0.09935063684032892
0.010010000000000002,0.09928803852593787,0.09912609329829411,0.09944998375358163
0.010020000000000001,0.09938719441715374,0.0992250578671973,0.09954933096711018
0.01003,0.09948635030836961,0.09932402213688636,0.09964867847985286
0.01004,0.09958550619958549,0.09942298610841967,0.09974802629075132
0.010050000000000002,0.09968466209080137,0.09952194978285225,0.0998473743987505
0.010060000000000001,0.09978381798201724,0.09962091316123577,0.09994672280279872
0.01007,0.09988297387323312,0.09971987624461856,0.10004607150184769
0.01008,0.099982129764449,0.09981883903404559,0.1001454204948524
0.01009,0.10008128565566486,0.09991780153055851,0.10024476978077121
0.010100000000000001,0.10018044154688076,0.10001676373519564,0.10034411935856588
0.010110000000000001,0.10027959743809663,0.10011572564899182,0.10044346922720143
0.01012,0.10037875332931251,0.10021468727297872,0.1005428193856463
0.01013,0.10047790922052838,0.10031364860818458,0.10064216983287218
0.010140000000000001,0.10057706511174427,0.10041260965563431,0.10074152056785424
0.010150000000000001,0.10067622100296014,0.10051157041634945,0.10084087158957084
0.01016,0.10077537689417601,0.10061053089134828,0.10094022289700375
0.01017,0.1008745327853919,0.10070949108164567,0.10103957448913811
0.010180000000000002,0.10097368867660778,0.10080845098825321,0.10113892636496234
0.010190000000000001,0.10107284456782364,0.10090741061217912,0.10123827852346817
0.0102,0.10117200045903953,0.10100636995442831,0.10133763096365074
0.01021,0.1012711563502554,0.10110532901600237,0.10143698368450842
0.010220000000000002,0.10137031224147129,0.10120428779789957,0.10153633668504301
0.010230000000000001,0.10146946813268716,0.10130324630111481,0.1016356899642595
0.01024,0.10156862402390303,0.10140220452663976,0.1017350435211663
0.01025,0.10166777991511891,0.10150116247546269,0.10183439735477513
0.01026,0.10176693580633478,0.10160012014856862,0.10193375146410094
0.010270000000000001,0.10186609169755068,0.10169907754693927,0.10203310584816208
0.010280000000000001,0.10196524758876654,0.10179803467155296,0.10213246050598013
0.01029,0.10206440347998241,0.10189699152338481,0.10223181543658001
0.0103,0.1021635593711983,0.10199594810340663,0.10233117063898996
0.010310000000000001,0.10226271526241418,0.1020949044125869,0.10243052611224146
0.010320000000000001,0.10236187115363005,0.10219386045189081,0.10252988185536928
0.01033,0.10246102704484593,0.10229281622228031,0.10262923786741154
0.01034,0.1025601829360618,0.10239177172471403,0.10272859414740956
0.010350000000000002,0.1026593388272777,0.10249072696014737,0.10282795069440802
0.010360000000000001,0.10275849471849356,0.10258968192953236,0.10292730750745477
0.01037,0.10285765060970943,0.10268863663381785,0.10302666458560102
0.01038,0.10295680650092531,0.10278759107394943,0.1031260219279012
0.010390000000000002,0.1030559623921412,0.10288654525086938,0.10322537953341301
0.010400000000000001,0.10315511828335708,0.10298549916551675,0.10332473740119741
0.01041,0.10325427417457295,0.10308445281882733,0.10342409553031856
0.01042,0.10335343006578881,0.10318340621173369,0.10352345391984394
0.01043,0.1034525859570047,0.10328235934516515,0.10362281256884424
0.010440000000000001,0.10355174184822058,0.10338131222004779,0.10372217147639337
0.010450000000000001,0.10365089773943645,0.10348026483730444,0.10382153064156846
0.01046,0.10375005363065233,0.10357921719785475,0.10392089006344991
0.01047,0.1038492095218682,0.10367816930261511,0.10402024974112128
0.010480000000000001,0.1039483654130841,0.10377712115249875,0.10411960967366944
0.010490000000000001,0.10404752130429996,0.10387607274841562,0.10421896986018431
0.0105,0.10414667719551583,0.10397502409127252,0.10431833029975915
0.01051,0.10424583308673172,0.10407397518197305,0.10441769099149038
0.010520000000000002,0.1043449889779476,0.1041729260214176,0.10451705193447759
0.010530000000000001,0.10444414486916348,0.1042718766105034,0.10461641312782356
0.01054,0.10454330076037935,0.10437082695012444,0.10471577457063426
0.01055,0.10464245665159522,0.10446977704117162,0.10481513626201881
0.010560000000000002,0.10474161254281111,0.10456872688453264,0.10491449820108958
0.010570000000000001,0.10484076843402698,0.104667676481092,0.10501386038696196
0.01058,0.10493992432524285,0.1047666258317311,0.1051132228187546
0.01059,0.10503908021645873,0.10486557493732818,0.10521258549558929
0.0106,0.1051382361076746,0.10496452379875829,0.10531194841659092
0.010610000000000001,0.1052373919988905,0.10506347241689344,0.10541131158088755
0.010620000000000001,0.10533654789010637,0.10516242079260239,0.10551067498761034
0.01063,0.10543570378132223,0.10526136892675088,0.10561003863589359
0.01064,0.10553485967253812,0.10536031682020149,0.10570940252487475
0.010650000000000001,0.105634015563754,0.10545926447381367,0.10580876665369433
0.010660000000000001,0.10573317145496987,0.1055582118884438,0.10590813102149593
0.01067,0.10583232734618575,0.10565715906494517,0.10600749562742633
0.01068,0.10593148323740162,0.10575610600416795,0.10610686047063529
0.010690000000000002,0.10603063912861752,0.10585505270695925,0.10620622555027578
0.010700000000000001,0.10612979501983338,0.10595399917416308,0.10630559086550369
0.01071,0.10622895091104925,0.10605294540662039,0.10640495641547812
0.01072,0.10632810680226513,0.10615189140516912,0.10650432219936115
0.010730000000000002,0.10642726269348102,0.10625083717064407,0.10660368821631797
0.010740000000000001,0.1065264185846969,0.10634978270387704,0.10670305446551676
0.010750000000000001,0.10662557447591277,0.10644872800569678,0.10680242094612875
0.01076,0.10672473036712864,0.10654767307692901,0.10690178765732826
0.01077,0.10682388625834452,0.10664661791839644,0.1070011545982926
0.010780000000000001,0.1069230421495604,0.10674556253091873,0.10710052176820208
0.010790000000000001,0.10702219804077627,0.10684450691531254,0.10719988916624
0.0108,0.10712135393199215,0.10694345107239153,0.10729925679159277
0.01081,0.10722050982320802,0.10704239500296636,0.10739862464344968
0.010820000000000001,0.10731966571442392,0.10714133870784473,0.1074979927210031
0.010830000000000001,0.10741882160563979,0.10724028218783128,0.10759736102344829
0.01084,0.10751797749685565,0.10733922544372776,0.10769672954998355
0.01085,0.10761713338807154,0.10743816847633292,0.10779609829981016
0.010860000000000002,0.10771628927928742,0.10753711128644255,0.10789546727213228
0.010870000000000001,0.1078154451705033,0.1076360538748495,0.10799483646615711
0.01088,0.10791460106171917,0.10773499624234363,0.10809420588109471
0.01089,0.10801375695293504,0.10783393838971195,0.10819357551615813
0.010900000000000002,0.10811291284415094,0.10793288031773848,0.10829294537056339
0.010910000000000001,0.1082120687353668,0.10803182202720431,0.1083923154435293
0.010920000000000001,0.10831122462658267,0.10813076351888765,0.1084916857342777
0.01093,0.10841038051779855,0.10822970479356382,0.10859105624203329
0.01094,0.10850953640901442,0.1083286458520052,0.10869042696602364
0.010950000000000001,0.10860869230023032,0.10842758669498133,0.10878979790547931
0.010960000000000001,0.10870784819144619,0.10852652732325879,0.10888916905963358
0.01097,0.10880700408266206,0.10862546773760139,0.10898854042772273
0.01098,0.10890615997387794,0.10872440793877,0.10908791200898588
0.010990000000000002,0.10900531586509382,0.10882334792752266,0.10918728380266499
0.011000000000000001,0.1091044717563097,0.10892228770461455,0.10928665580800485
0.01101,0.10920362764752557,0.10902122727079804,0.10938602802425311
0.01102,0.10930278353874144,0.10912016662682261,0.10948540045066027
0.011030000000000002,0.10940193942995734,0.10921910577343501,0.10958477308647967
0.011040000000000001,0.1095010953211732,0.10931804471137906,0.10968414593096736
0.01105,0.10960025121238907,0.10941698344139585,0.1097835189833823
0.01106,0.10969940710360496,0.10951592196422365,0.10988289224298627
0.011070000000000002,0.10979856299482084,0.10961486028059794,0.10998226570904374
0.011080000000000001,0.10989771888603672,0.10971379839125141,0.11008163938082204
0.011090000000000001,0.10999687477725259,0.10981273629691396,0.11018101325759122
0.0111,0.11009603066846846,0.10991167399831274,0.11028038733862418
0.01111,0.11019518655968434,0.1100106114961722,0.11037976162319649
0.011120000000000001,0.11029434245090022,0.11010954879121392,0.11047913611058653
0.011130000000000001,0.1103934983421161,0.11020848588415683,0.11057851080007539
0.01114,0.11049265423333197,0.11030742277571706,0.11067788569094689
0.01115,0.11059181012454784,0.1104063594666081,0.11077726078248759
0.011160000000000002,0.11069096601576374,0.11050529595754066,0.11087663607398682
0.011170000000000001,0.11079012190697961,0.11060423224922274,0.11097601156473648
0.01118,0.11088927779819548,0.11070316834235966,0.1110753872540313
0.01119,0.11098843368941136,0.11080210423765406,0.11117476314116866
0.011200000000000002,0.11108758958062724,0.11090103993580587,0.11127413922544861
0.011210000000000001,0.11118674547184312,0.11099997543751236,0.11137351550617389
0.01122,0.11128590136305899,0.1110989107434681,0.11147289198264988
0.01123,0.11138505725427486,0.11119784585436507,0.11157226865418465
0.011240000000000002,0.11148421314549076,0.11129678077089257,0.11167164552008894
0.011250000000000001,0.11158336903670663,0.1113957154937372,0.11177102257967605
0.011260000000000001,0.11168252492792251,0.111494650023583,0.11187039983226202
0.01127,0.11178168081913838,0.11159358436111136,0.1119697772771654
0.01128,0.11188083671035425,0.11169251850700107,0.11206915491370742
0.011290000000000001,0.11197999260157014,0.1117914524619283,0.11216853274121198
0.011300000000000001,0.11207914849278601,0.1118903862265666,0.11226791075900543
0.01131,0.11217830438400188,0.11198931980158694,0.11236728896641682
0.01132,0.11227746027521776,0.11208825318765775,0.11246666736277777
0.011330000000000002,0.11237661616643364,0.11218718638544484,0.11256604594742245
0.011340000000000001,0.11247577205764953,0.11228611939561146,0.11266542471968759
0.01135,0.1125749279488654,0.11238505221881832,0.11276480367891246
0.01136,0.11267408384008126,0.11248398485572356,0.11286418282443897
0.011370000000000002,0.11277323973129716,0.11258291730698283,0.11296356215561149
0.011380000000000001,0.11287239562251303,0.11268184957324916,0.1130629416717769
0.01139,0.1129715515137289,0.11278078165517313,0.11316232137228466
0.0114,0.11307070740494478,0.1128797135534028,0.11326170125648675
0.011410000000000002,0.11316986329616066,0.11297864526858371,0.11336108132373761
0.011420000000000001,0.11326901918737654,0.11307757680135888,0.1134604615733942
0.011430000000000001,0.11336817507859241,0.11317650815236886,0.11355984200481596
0.01144,0.11346733096980828,0.11327543932225174,0.11365922261736482
0.01145,0.11356648686102416,0.11337437031164313,0.1137586034104052
0.011460000000000001,0.11366564275224005,0.11347330112117615,0.11385798438330394
0.011470000000000001,0.11376479864345593,0.1135722317514815,0.11395736553543036
0.01148,0.1138639545346718,0.11367116220318736,0.11405674686615623
0.01149,0.11396311042588766,0.11377009247691959,0.11415612837485574
0.011500000000000002,0.11406226631710356,0.11386902257330155,0.11425551006090558
0.011510000000000001,0.11416142220831943,0.11396795249295415,0.11435489192368471
0.01152,0.1142605780995353,0.11406688223649594,0.11445427396257465
0.01153,0.11435973399075118,0.11416581180454308,0.11455365617695928
0.011540000000000002,0.11445888988196706,0.11426474119770925,0.11465303856622487
0.011550000000000001,0.11455804577318295,0.11436367041660586,0.11475242112976003
0.01156,0.11465720166439881,0.1144625994618418,0.11485180386695583
0.01157,0.11475635755561468,0.11456152833402372,0.11495118677720564
0.011580000000000002,0.11485551344683058,0.11466045703375587,0.11505056985990529
0.011590000000000001,0.11495466933804645,0.11475938556164007,0.11514995311445282
0.011600000000000001,0.11505382522926233,0.1148583139182759,0.11524933654024876
0.01161,0.1151529811204782,0.11495724210426053,0.11534872013669586
0.01162,0.11525213701169407,0.11505617012018883,0.1154481039031993
0.011630000000000001,0.11535129290290996,0.1151550979666534,0.11554748783916653
0.011640000000000001,0.11545044879412583,0.11525402564424439,0.11564687194400727
0.01165,0.1155496046853417,0.11535295315354979,0.11574625621713361
0.01166,0.11564876057655758,0.11545188049515523,0.11584564065795994
0.011670000000000002,0.11574791646777347,0.11555080766964405,0.11594502526590288
0.011680000000000001,0.11584707235898935,0.11564973467759734,0.11604441004038135
0.01169,0.11594622825020522,0.11574866151959386,0.11614379498081658
0.0117,0.11604538414142108,0.11584758819621016,0.11624318008663201
0.011710000000000002,0.11614454003263698,0.11594651470802057,0.11634256535725339
0.011720000000000001,0.11624369592385285,0.11604544105559705,0.11644195079210864
0.01173,0.11634285181506873,0.11614436723950948,0.11654133639062798
0.01174,0.1164420077062846,0.11624329326032536,0.11664072215224384
0.011750000000000002,0.11654116359750048,0.11634221911861009,0.11674010807639087
0.011760000000000001,0.11664031948871637,0.11644114481492679,0.11683949416250594
0.011770000000000001,0.11673947537993223,0.11654007034983636,0.1169388804100281
0.01178,0.1168386312711481,0.11663899572389759,0.11703826681839861
0.01179,0.11693778716236398,0.11673792093766701,0.11713765338706096
0.011800000000000001,0.11703694305357987,0.11683684599169897,0.11723704011546077
0.011810000000000001,0.11713609894479575,0.11693577088654568,0.11733642700304582
0.01182,0.11723525483601162,0.11703469562275715,0.11743581404926609
0.01183,0.11733441072722749,0.11713362020088126,0.11753520125357371
0.011840000000000002,0.11743356661844338,0.11723254462146378,0.11763458861542299
0.011850000000000001,0.11753272250965925,0.11733146888504824,0.11773397613427027
0.01186,0.11763187840087513,0.11743039299217611,0.11783336380957415
0.01187,0.117731034292091,0.11752931694338672,0.11793275164079528
0.011880000000000002,0.11783019018330688,0.11762824073921732,0.11803213962739645
0.011890000000000001,0.11792934607452277,0.11772716438020299,0.11813152776884255
0.0119,0.11802850196573864,0.1178260878668767,0.11823091606460057
0.01191,0.1181276578569545,0.11792501119976943,0.11833030451413958
0.011920000000000002,0.1182268137481704,0.11802393437941,0.1184296931169308
0.011930000000000001,0.11832596963938627,0.11812285740632512,0.11852908187244741
0.011940000000000001,0.11842512553060215,0.11822178028103954,0.11862847078016477
0.01195,0.11852428142181802,0.11832070300407584,0.1187278598395602
0.01196,0.11862343731303389,0.11841962557595462,0.11882724905011316
0.011970000000000001,0.11872259320424979,0.11851854799719443,0.11892663841130514
0.011980000000000001,0.11882174909546565,0.11861747026831171,0.1190260279226196
0.01199,0.11892090498668154,0.11871639238982098,0.11912541758354209
0.012,0.1190200608778974,0.11881531436223465,0.11922480739356016
0.012010000000000002,0.11911921676911329,0.11891423618606317,0.1193241973521634
0.012020000000000001,0.11921837266032917,0.11901315786181499,0.11942358745884335
0.01203,0.11931752855154504,0.11911207938999648,0.1195229777130936
0.01204,0.1194166844427609,0.11921100077111212,0.1196223681144097
0.012050000000000002,0.1195158403339768,0.11930992200566438,0.11972175866228922
0.012060000000000001,0.11961499622519267,0.11940884309415371,0.11982114935623163
0.01207,0.11971415211640855,0.11950776403707866,0.11992054019573845
0.01208,0.11981330800762442,0.11960668483493575,0.1200199311803131
0.012090000000000002,0.11991246389884032,0.11970560548821964,0.120119322309461
0.012100000000000001,0.12001161979005619,0.11980452599742293,0.12021871358268944
0.012110000000000001,0.12011077568127206,0.11990344636303638,0.12031810499950774
0.01212,0.12020993157248792,0.12000236658554876,0.12041749655942709
0.01213,0.1203090874637038,0.120101286665447,0.12051688826196061
0.012140000000000001,0.12040824335491969,0.12020020660321604,0.12061628010662334
0.012150000000000001,0.12050739924613557,0.12029912639933892,0.12071567209293223
0.01216,0.12060655513735144,0.12039804605429678,0.1208150642204061
0.01217,0.12070571102856731,0.12049696556856893,0.12091445648856569
0.012180000000000002,0.1208048669197832,0.12059588494263276,0.12101384889693365
0.012190000000000001,0.12090402281099907,0.12069480417696374,0.12111324144503441
0.0122,0.12100317870221496,0.12079372327203552,0.12121263413239439
0.01221,0.12110233459343082,0.12089264222831989,0.12131202695854176
0.012220000000000002,0.1212014904846467,0.12099156104628676,0.12141141992300665
0.012230000000000001,0.12130064637586259,0.12109047972640422,0.12151081302532096
0.012240000000000001,0.12139980226707846,0.12118939826913848,0.12161020626501844
0.01225,0.12149895815829433,0.12128831667495397,0.12170959964163468
0.012260000000000002,0.12159811404951022,0.12138723494431329,0.12180899315470715
0.012270000000000001,0.12169726994072609,0.12148615307767716,0.12190838680377503
0.012280000000000001,0.12179642583194197,0.12158507107550456,0.12200778058837938
0.01229,0.12189558172315784,0.12168398893825262,0.12210717450806306
0.0123,0.12199473761437371,0.12178290666637671,0.12220656856237071
0.012310000000000001,0.1220938935055896,0.12188182426033042,0.12230596275084879
0.012320000000000001,0.12219304939680548,0.12198074172056549,0.12240535707304546
0.01233,0.12229220528802136,0.12207965904753194,0.12250475152851077
0.01234,0.12239136117923723,0.12217857624167802,0.12260414611679643
0.012350000000000002,0.12249051707045311,0.12227749330345022,0.122703540837456
0.012360000000000001,0.12258967296166899,0.12237641023329328,0.1228029356900447
0.01237,0.12268882885288486,0.12247532703165014,0.12290233067411958
0.01238,0.12278798474410073,0.12257424369896208,0.12300172578923937
0.012390000000000002,0.12288714063531662,0.12267316023566863,0.12310112103496462
0.012400000000000001,0.1229862965265325,0.12277207664220753,0.12320051641085746
0.012410000000000001,0.12308545241774838,0.12287099291901489,0.12329991191648186
0.01242,0.12318460830896424,0.12296990906652505,0.12339930755140344
0.012430000000000002,0.12328376420018014,0.12306882508517068,0.1234987033151896
0.012440000000000001,0.12338292009139601,0.12316774097538272,0.1235980992074093
0.012450000000000001,0.12348207598261188,0.12326665673759044,0.12369749522763332
0.01246,0.12358123187382776,0.12336557237222144,0.12379689137543408
0.01247,0.12368038776504363,0.1234644878797016,0.12389628765038566
0.012480000000000002,0.12377954365625951,0.1235634032604552,0.12399568405206382
0.012490000000000001,0.1238786995474754,0.12366231851490479,0.124095080580046
0.0125,0.12397785543869126,0.12376123364347129,0.12419447723391124
0.01251,0.12407701132990713,0.12386014864657395,0.12429387401324031
0.012520000000000002,0.12417616722112303,0.12395906352463046,0.1243932709176156
0.012530000000000001,0.1242753231123389,0.12405797827805673,0.12449266794662106
0.01254,0.12437447900355478,0.12415689290726717,0.12459206509984239
0.01255,0.12447363489477065,0.12425580741267449,0.1246914623768668
0.012560000000000002,0.12457279078598654,0.12435472179468986,0.12479085977728323
0.012570000000000001,0.12467194667720241,0.12445363605372273,0.1248902573006821
0.012580000000000001,0.12477110256841828,0.12455255019018104,0.12498965494665552
0.01259,0.12487025845963416,0.12465146420447111,0.1250890527147972
0.012600000000000002,0.12496941435085004,0.12475037809699766,0.12518845060470243
